[{"model": "gp.connector", "pk": 1, "fields": {"name": "FacebookLeads", "short_description": "Facebook platform focused on advertising and interconnection of potential customers with businesses.", "description": "Facebook platform that seeks to take advantage of the increase in the use of mobile telephony, allowing the user to register and receive information about the businesses and businesses of their interest.", "is_active": true, "is_source": true, "is_target": false, "icon15": "connector/icon/facebookleads15.png", "icon73": "connector/icon/facebookleads73.png", "icon110": "connector/icon/facebookleads73_3fqgPFJ.png", "connection_help_text": "Help connection information"}}, {"model": "gp.connector", "pk": 2, "fields": {"name": "MySQL", "short_description": "A relational database management system especially used in web development environments.", "description": "MySQL is a relational database management system developed under a dual license GPL/Commercial License by Oracle Corporation and is considered the most popular open source database in the world, and one of the most popular in general with Oracle and Microsoft SQL Server, especially for web development environments.", "is_active": true, "is_source": true, "is_target": true, "icon15": "connector/icon/mysql15.png", "icon73": "connector/icon/mysql73.png", "icon110": "connector/icon/mysql73_kWKH2W7.png", "connection_help_text": "Requirements: - MySQL database configured. - Connection data to database. - The server where the database is located must be accessible from the Internet."}}, {"model": "gp.connector", "pk": 3, "fields": {"name": "SugarCRM", "short_description": "System for managing the relationship with customers (CRM).", "description": "SugarCRM is a system for the management of the relationship with customers (CRM) based on LAMP (Linux-Apache-MySQL-PHP), developed by the company SugarCRM, Inc. located in Cupertino, California.", "is_active": true, "is_source": true, "is_target": true, "icon15": "connector/icon/sugarcrm15.png", "icon73": "connector/icon/sugarcrm73.png", "icon110": "connector/icon/sugarcrm73_KZCfBI9.png", "connection_help_text": "Help connection information"}}, {"model": "gp.connector", "pk": 4, "fields": {"name": "MailChimp", "short_description": "An email marketing service provider", "description": "MailChimp started as a paid service and added a free version 8 years later. The company logo is a chimp, and humorous images of the subject are included on the site and in its communications.", "is_active": true, "is_source": false, "is_target": true, "icon15": "connector/icon/mailchimp15.png", "icon73": "connector/icon/mailchimp73.png", "icon110": "connector/icon/mailchimp15_PtqlgWx.png", "connection_help_text": "Help connection information"}}, {"model": "gp.connector", "pk": 5, "fields": {"name": "GoogleSpreadSheet", "short_description": "Spreadsheet web service, made in AJAX technology.", "description": "It is a web service of spreadsheets, made in AJAX technology. With it you can perform most of the functions left by spreadsheet applications of office programs, such as performing operations between cells with different types of functions (mathematical, financial, logical, dates, searches, statistics, with chains and informative), order columns, handle different sheets within each file, handle files of the xls and csv type, etc.", "is_active": true, "is_source": true, "is_target": true, "icon15": "connector/icon/googlespreadsheets15.png", "icon73": "connector/icon/googlespreadsheets73.png", "icon110": "connector/icon/googlespreadsheets73_y2KHpW0.png", "connection_help_text": "Help connection information"}}, {"model": "gp.connector", "pk": 6, "fields": {"name": "PostgreSQL", "short_description": "Is an object-oriented and free relational database management system.", "description": "PostgreSQL is an object-oriented and free relational database management system, published under the PostgreSQL license, similar to BSD or MIT. Like many other open source projects, the development of PostgreSQL is not managed by a company or person, but is directed by a community of developers who work in a selfless, altruistic, free or supported by commercial organizations. This community is called the PGDG (PostgreSQL Global Development Group). PostgreSQL does not have a defect manager, making it very difficult to know the status of its defects.", "is_active": true, "is_source": true, "is_target": true, "icon15": "connector/icon/postgresql15.png", "icon73": "connector/icon/postgresql73.png", "icon110": "connector/icon/postgresql73_afnq4Iu.png", "connection_help_text": "Help connection information"}}, {"model": "gp.connector", "pk": 7, "fields": {"name": "MSSQLServer", "short_description": "Is a database management system of the relational model, developed by Microsoft.", "description": "Microsoft SQL Server is a database management system of the relational model, developed by Microsoft. The development language used (by command line or through the graphical interface of Management Studio) is Transact-SQL (TSQL), an implementation of the ANSI standard of the SQL language, used to manipulate and recover data (DML), create tables and define relationships between them (DDL).", "is_active": true, "is_source": true, "is_target": true, "icon15": "connector/icon/mssql15.png", "icon73": "connector/icon/mssql73.png", "icon110": "connector/icon/mssql73_MRvCMj1.png", "connection_help_text": "Help connection information"}}, {"model": "gp.connector", "pk": 8, "fields": {"name": "Slack", "short_description": "Team communication tool.", "description": "Slack is a team communication tool created by Stewart Butterfield, Eric Costello, Cal Henderson, and Serguei Mourachov. Slack emerges as an internal tool used by the company Tiny Speck in the development of Glitch, an online game that is currently obsolete. Slack was launched in August 2013 and achieved a record of 8,000 customers in the first 24 hours.", "is_active": true, "is_source": true, "is_target": true, "icon15": "connector/icon/slack15.png", "icon73": "connector/icon/slack73.png", "icon110": "connector/icon/slack73_jmC9lhh.png", "connection_help_text": "Help connection information"}}, {"model": "gp.connector", "pk": 9, "fields": {"name": "JIRA", "short_description": "Online tool for managing project tasks.", "description": "JIRA is an online tool for managing project tasks, tracking errors and incidents and for the operational management of projects. The tool was developed by the Australian company Atlassian. Initially Jira was used for software development, serving as support for the management of requirements, monitoring the development status and later for error management. Jira can be used for the management and improvement of processes, thanks to its functions for the organization of workflows.", "is_active": true, "is_source": true, "is_target": true, "icon15": "connector/icon/jira15.png", "icon73": "connector/icon/jira73.png", "icon110": "connector/icon/jira73_XJLe8Ga.png", "connection_help_text": "Help connection information"}}, {"model": "gp.connector", "pk": 10, "fields": {"name": "Bitbucket", "short_description": "Web-based hosting service for projects that use the Mercurial and Git revision control system.", "description": "Bitbucket is a web-based hosting service for projects that use the Mercurial and Git revision control system. Bitbucket offers commercial and free plans. It offers free accounts with an unlimited number of private repositories (which can have up to five users in the case of free accounts) since September 2010, private repositories are not displayed on the profile pages - if a user only has private deposits, the website will give the message \"This user does not have repositories\". The service is written in Python.", "is_active": true, "is_source": true, "is_target": true, "icon15": "connector/icon/bitbucket15.png", "icon73": "connector/icon/bitbucket73.png", "icon110": "connector/icon/bitbucket73_g3NPvIG.png", "connection_help_text": "Help connection information"}}, {"model": "gp.connector", "pk": 11, "fields": {"name": "GoogleForms", "short_description": "Tool for the creation of Forms and Professional Reports for Your Company.", "description": "With Google Forms create a new survey alone or with other users at the same time. Choose from various attractive predesigned themes or create your own. Analyze your results on Google Forms. Free Google application.", "is_active": true, "is_source": true, "is_target": false, "icon15": "connector/icon/googleforms15.png", "icon73": "connector/icon/googleforms73.png", "icon110": "connector/icon/googleforms73_dgBIcxi.png", "connection_help_text": "Help connection information"}}, {"model": "gp.connector", "pk": 12, "fields": {"name": "Twitter", "short_description": "Is a microblogging service that allows you to send short text messages", "description": "The network allows you to send text messages of short length, with a maximum of 280 characters (originally 140), called tweets, which are displayed on the user's homepage. Users can subscribe to other users' tweets - this is called \"follow\" and subscribers are called \"followers\", \"followers\" and sometimes tweeps ('Twitter' + 'peeps', novice followers who have not yet they have made many tweets). By default, the messages are public, and can be broadcast privately by showing them only to certain followers. Users can tweet from the service's website, with official external applications (such as for smartphones), or through the Short Message Service (SMS) available in certain countries.While the service is free, access to it via SMS involves support rates set by the mobile phone provider.", "is_active": true, "is_source": false, "is_target": true, "icon15": "connector/icon/twitter15.png", "icon73": "connector/icon/twitter73.png", "icon110": "connector/icon/twitter73_AXMcMCX.png", "connection_help_text": "Help connection information"}}, {"model": "gp.connector", "pk": 13, "fields": {"name": "GetResponse", "short_description": "Is an email marketing platform.", "description": "GetResponse enables you to create a valuable marketing list of prospects, partners, and clients, so you can develop relationships with them and build a responsive and profitable customer base. It has the deliverability rate of 99.5%, to make sure your messages reach destination inboxes.", "is_active": true, "is_source": false, "is_target": true, "icon15": "connector/icon/getresponse15.png", "icon73": "connector/icon/getresponse73.png", "icon110": "connector/icon/getresponse73_6zlqgTT.png", "connection_help_text": "Help connection information"}}, {"model": "gp.connector", "pk": 14, "fields": {"name": "GoogleContacts", "short_description": "Is an online address book.", "description": "Google Contacts is your online address book, integrated with Gmail, Calendar, Drive, and other Google products. Sync your contacts to all your devices and access them everywhere.", "is_active": false, "is_source": true, "is_target": true, "icon15": "connector/icon/googlecontacts15.png", "icon73": "connector/icon/googlecontacts73.png", "icon110": "connector/icon/googlecontacts73_3jpaEHa.png", "connection_help_text": "Help connection information"}}, {"model": "gp.connector", "pk": 15, "fields": {"name": "SurveyMonkey", "short_description": "Service that allows users to create online surveys.", "description": "SurveyMonkey is a US company that allows users to create online surveys. The company's offices are located in Menlo Park, California and Portland, Oregon.", "is_active": true, "is_source": true, "is_target": false, "icon15": "connector/icon/surveymonkey15.png", "icon73": "connector/icon/surveymonkey73.png", "icon110": "connector/icon/surveymonkey73_2KuiLf5.png", "connection_help_text": "Help connection information"}}, {"model": "gp.connector", "pk": 16, "fields": {"name": "GoogleCalendar", "short_description": "Schedule and electronic calendar developed by Google.", "description": "It allows you to synchronize it with Gmail contacts so we can invite you and share events. It is available from April 13, 2006. Although users are not required to have a Gmail account, they must have a Google Account to use the software.", "is_active": true, "is_source": true, "is_target": true, "icon15": "connector/icon/googlecalendar15.png", "icon73": "connector/icon/googlecalendar73.png", "icon110": "connector/icon/googlecalendar73_uhyk9Py.png", "connection_help_text": "Help connection information"}}, {"model": "gp.connector", "pk": 17, "fields": {"name": "MercadoLibre", "short_description": "Platform where users can sell both new and used products at a fixed price.", "description": "MercadoLibre also has MercadoPago, a collection platform for sellers. Its headquarters are located in Buenos Aires, Argentina. According to The Nielsen Company more than 52,000 people generate all or most of their income selling through MercadoLibre and in 2009 more than 3 million people and companies sold at least one article through this medium.", "is_active": true, "is_source": true, "is_target": true, "icon15": "connector/icon/mercadolibre15.png", "icon73": "connector/icon/mercadolibre73.png", "icon110": "connector/icon/mercadolibre73_XCqRgta.png", "connection_help_text": "Help connection information"}}, {"model": "gp.connector", "pk": 18, "fields": {"name": "AmazonSellerCentral", "short_description": "Platform created and operated by Amazon where individuals and businesses can market their goods.", "description": "Since 2000, Selling on Amazon has been helping individuals and businesses increase sales and reach new customers. Today, more than 40% of Amazon's total unit sales come from third-party selection. All sellers can list products in more than 20 categories. Professional Sellers can apply to sell in at least 10 additional categories.", "is_active": false, "is_source": false, "is_target": false, "icon15": "connector/icon/amazonsellercentral15.png", "icon73": "connector/icon/amazonsellercentral73.png", "icon110": "connector/icon/amazonsellercentral73_dm2cRBr.png", "connection_help_text": "Help connection information"}}, {"model": "gp.connector", "pk": 19, "fields": {"name": "PayU", "short_description": "Provider of payment services.", "description": "PayU is a leading provider of payment services with presence in 16 growth and emerging markets around the world.", "is_active": false, "is_source": false, "is_target": false, "icon15": "connector/icon/payu15.png", "icon73": "connector/icon/payu73.png", "icon110": "connector/icon/payu73_VbkhPuZ.png", "connection_help_text": "Help connection information"}}, {"model": "gp.connector", "pk": 20, "fields": {"name": "Gmail", "short_description": "Email service with POP3 and free IMAP possibilities.", "description": "It offers a storage capacity of 15 GB. Message filter, which has many options. Maximum size of each message (text and attachments) is 25 MB. encryption with SSL. The mail page can also be encrypted by SSL. Available for mobile devices.", "is_active": true, "is_source": true, "is_target": true, "icon15": "connector/icon/gmail15.png", "icon73": "connector/icon/gmail73.png", "icon110": "connector/icon/gmail73_Kpc7gok.png", "connection_help_text": "Help connection information"}}, {"model": "gp.connector", "pk": 21, "fields": {"name": "Ebay", "short_description": "Site intended for the auction of products through the Internet.", "description": "It is one of the pioneers in this type of transaction, having been founded in 1995. From 2002 until 2015, eBay has been the owner of PayPal.", "is_active": false, "is_source": false, "is_target": false, "icon15": "connector/icon/ebay73_UdVCTMI.png", "icon73": "connector/icon/ebay73_3hmMA7n.png", "icon110": "connector/icon/ebay73_FRdCBCt.png", "connection_help_text": "Help connection information"}}, {"model": "gp.connector", "pk": 22, "fields": {"name": "WooComerce", "short_description": "Open source e-commerce plugin for WordPress.", "description": "Designed for small and large online merchants with WordPress. Launched on September 27, 2011, the plugin quickly became popular for its simplicity to install and customize the database of products sold. WooCommerce has been adopted by more than 380,000 online retailers. It is used by a series of high traffic websites.", "is_active": false, "is_source": false, "is_target": false, "icon15": "connector/icon/woocomerce15.png", "icon73": "connector/icon/woocomerce73.png", "icon110": "connector/icon/woocomerce73_euam9yo.png", "connection_help_text": "Help connection information"}}, {"model": "gp.connector", "pk": 23, "fields": {"name": "Instagram", "short_description": "Social network and application to upload photos and videos.", "description": "Users can apply photographic effects such as filters, frames, thermal similarities, underlying areas in the concave bases, retro colors, and then share the photographs in the same social network or in others such as Facebook, Tumblr, Flickr and Twitter.", "is_active": true, "is_source": true, "is_target": false, "icon15": "connector/icon/instagram15.png", "icon73": "connector/icon/instagram73.png", "icon110": "connector/icon/instagram73_ty5p0BO.png", "connection_help_text": "Help connection information"}}, {"model": "gp.connector", "pk": 24, "fields": {"name": "Youtube", "short_description": "Website dedicated to share videos.", "description": "It hosts a variety of movie clips, television shows and music videos, as well as amateur content such as video blogs and YouTube Gaming.", "is_active": false, "is_source": false, "is_target": false, "icon15": "connector/icon/youtube15.png", "icon73": "connector/icon/youtube73.png", "icon110": "connector/icon/youtube73_hP2c3KW.png", "connection_help_text": "Help connection information"}}, {"model": "gp.connector", "pk": 25, "fields": {"name": "Vimeo", "short_description": "Social network based on videos.", "description": "The site allows to share and store digital videos for users to comment on the page of each of them. Users must be registered to upload videos, create their profile, upload avatars, comment and build favorite lists.", "is_active": false, "is_source": false, "is_target": false, "icon15": "connector/icon/vimeo15.png", "icon73": "connector/icon/vimeo73.png", "icon110": "connector/icon/vimeo73_239KxAW.png", "connection_help_text": "Help connection information"}}, {"model": "gp.connector", "pk": 26, "fields": {"name": "ZohoCRM", "short_description": "Administration and management application.", "description": "It allows you to keep a contact list, things to do, manage user groups, among others.", "is_active": true, "is_source": true, "is_target": true, "icon15": "connector/icon/zohocrm15.png", "icon73": "connector/icon/zohocrm73.png", "icon110": "connector/icon/zohocrm73_7kT8gvm.png", "connection_help_text": "Help connection information"}}, {"model": "gp.connector", "pk": 27, "fields": {"name": "WunderList", "short_description": "Cloud-based task management application.", "description": "It allows users to manage their tasks from a smartphone, tablet, computer and smartwatch. Wunderlist is free; additional collaboration features are available in a paid version known as Wunderlist Pro.", "is_active": true, "is_source": true, "is_target": true, "icon15": "connector/icon/wunderlist15.png", "icon73": "connector/icon/wunderlist73.png", "icon110": "connector/icon/wunderlist73_XNyuQNE.png", "connection_help_text": "Help connection information"}}, {"model": "gp.connector", "pk": 28, "fields": {"name": "SMS", "short_description": "", "description": "", "is_active": true, "is_source": false, "is_target": true, "icon15": "connector/icon/sms15.png", "icon73": "connector/icon/sms73.png", "icon110": "", "connection_help_text": ""}}, {"model": "gp.connector", "pk": 29, "fields": {"name": "SMTP", "short_description": "", "description": "", "is_active": true, "is_source": false, "is_target": true, "icon15": "connector/icon/smtp15.png", "icon73": "connector/icon/smtp73.png", "icon110": "", "connection_help_text": ""}}, {"model": "gp.connector", "pk": 30, "fields": {"name": "Evernote", "short_description": "Cross-platform app designed for note taking, organizing, and archiving.", "description": "The app allows users to create a \"note\" which can be a piece of formatted text, a full webpage or webpage excerpt, a photograph, a voice memo, or a handwritten \"ink\" note. Notes can also have file attachments. Notebooks can be added to a stack while notes can be sorted into a notebook, tagged, annotated, edited, given comments, searched, and exported as part of a notebook.", "is_active": true, "is_source": true, "is_target": true, "icon15": "connector/icon/evernote15.png", "icon73": "connector/icon/evernote73.png", "icon110": "connector/icon/evernote73_haQ8CgA.png", "connection_help_text": "Help connection information"}}, {"model": "gp.connector", "pk": 31, "fields": {"name": "Salesforce", "short_description": "CRM solution in the cloud.", "description": "Salesforce Is Fully Cloud-Based As mentioned above, basing a CRM solution in the cloud means that users can access its full functionality, without having to install costly in-house hardware or computer servers. No hardware means you\u2019ll be up and running and positively impacting your business in no time at all.", "is_active": true, "is_source": true, "is_target": true, "icon15": "connector/icon/salesforce15.png", "icon73": "connector/icon/salesforce73.png", "icon110": "connector/icon/salesforce73_GeVBsdT.png", "connection_help_text": "Help connection information"}}, {"model": "gp.connector", "pk": 32, "fields": {"name": "Vtiger", "short_description": "Online customer relationship management software.", "description": "Make better decisions with a holistic customer view that integrates information from marketing, sales, support, purchasing and more, collaboratively manage the delivery of customer projects with contact and opportunity integrated project management, manage the end-to-end sales process, with quotes, invoices, inventory and web-based payments against invoices.", "is_active": true, "is_source": true, "is_target": true, "icon15": "connector/icon/vtiger15.png", "icon73": "connector/icon/vtiger73.png", "icon110": "connector/icon/vtiger73_uvEQZlu.png", "connection_help_text": "Help connection information"}}, {"model": "gp.connector", "pk": 33, "fields": {"name": "ProsperWorks", "short_description": "CRM designed to help every salesperson excel at their job.", "description": "ProsperWorks is the CRM for G Suite, so it seamlessly integrates with Google Sheets, Docs, Slides, Calendar, Inbox and Gmail, so using your CRM is just as easy as the tools you already use everyday. Was built using Google\u2019s material design principles so it looks and feels exactly like G Suite. ProsperWorks fits right into your email so once you download the Gmail or Inbox Chrome Extension, you never have to leave your inbox.", "is_active": false, "is_source": false, "is_target": false, "icon15": "connector/icon/prosperworks.png", "icon73": "connector/icon/prosperworks73.png", "icon110": "connector/icon/prosperworks73_ngWX3Xv.png", "connection_help_text": "Help connection information"}}, {"model": "gp.connector", "pk": 34, "fields": {"name": "HubSpot", "short_description": "CRM from Hubspot.", "description": "The CRM product tracks and manages interactions between a company and its customers and prospects. It enables companies to forecast revenue, measure sales team productivity, and report on revenue sources. The software as a service product is free and integrates with Gmail, G Suite, Microsoft Office for Windows, and other software.", "is_active": true, "is_source": true, "is_target": true, "icon15": "connector/icon/hubspot15.png", "icon73": "connector/icon/hubspot73.png", "icon110": "connector/icon/hubspot73_qgvD7Yn.png", "connection_help_text": "Help connection information"}}, {"model": "gp.connector", "pk": 35, "fields": {"name": "PipeDrive", "short_description": "A sales customer relationship management (CRM).", "description": "Pipedrive is a cloud-based sales software company based in Tallinn, Estonia and New York City, New York. It is the maker of the web application and mobile app Pipedrive, a sales customer relationship management (CRM) tool for small and medium-sized businesses.", "is_active": false, "is_source": false, "is_target": false, "icon15": "connector/icon/pipedrive15.png", "icon73": "connector/icon/pipedrive73.png", "icon110": "connector/icon/pipedrive73_OH9HmM3.png", "connection_help_text": "Help connection information"}}, {"model": "gp.connector", "pk": 36, "fields": {"name": "DynamicCRM", "short_description": "Customer relationship management software package developed by Microsoft.", "description": "The product focuses mainly on Sales, Marketing, and Service (help desk) sectors, but Microsoft has been marketing Dynamics CRM as an XRM platform and has been encouraging partners to use its proprietary (.NET based) framework to customize it. It is part of the Microsoft Dynamics family of business applications.", "is_active": false, "is_source": false, "is_target": false, "icon15": "connector/icon/dynamiccrm15.png", "icon73": "connector/icon/dynamiccrm73.png", "icon110": "connector/icon/dynamiccrm73_pC7Iap5.png", "connection_help_text": "Help connection information"}}, {"model": "gp.connector", "pk": 37, "fields": {"name": "FreshDesk", "short_description": "Support ticket system.", "description": "Easy to use, quick to configure with multichannel support.", "is_active": false, "is_source": false, "is_target": false, "icon15": "connector/icon/freshdesk15.png", "icon73": "connector/icon/freshdesk73.png", "icon110": "connector/icon/freshdesk73_cOU3eVv.png", "connection_help_text": "Help connection information"}}, {"model": "gp.connector", "pk": 38, "fields": {"name": "AgileCRM", "short_description": "Customer relationship management software.", "description": "known for offering fully integrated sales, marketing and service automation solution for small businesses.", "is_active": false, "is_source": false, "is_target": false, "icon15": "connector/icon/agilecrm15.png", "icon73": "connector/icon/agilecrm73.png", "icon110": "connector/icon/agilecrm73_5RMZi6o.png", "connection_help_text": "Help connection information"}}, {"model": "gp.connector", "pk": 39, "fields": {"name": "GitLab", "short_description": "Web-based Git repository manager.", "description": "Has wiki and issue tracking features, using an open source license, developed by GitLab Inc.", "is_active": true, "is_source": true, "is_target": true, "icon15": "connector/icon/gitlab15.png", "icon73": "connector/icon/gitlab73.png", "icon110": "connector/icon/gitlab73_AIo4MWm.png", "connection_help_text": "Help connection information"}}, {"model": "gp.connector", "pk": 40, "fields": {"name": "Shopify", "short_description": "E-commerce platform.", "description": "Especially for online stores and retail point-of-sale systems.", "is_active": true, "is_source": true, "is_target": true, "icon15": "connector/icon/shopify15.png", "icon73": "connector/icon/shopify73.png", "icon110": "connector/icon/shopify73_YeCO83B.png", "connection_help_text": "Help connection information"}}, {"model": "gp.connector", "pk": 41, "fields": {"name": "Dropbox", "short_description": "File hosting service.", "description": "Dropbox offers cloud storage, file synchronization, personal cloud, and client software.", "is_active": false, "is_source": false, "is_target": false, "icon15": "connector/icon/dropbox15.png", "icon73": "connector/icon/dropbox73.png", "icon110": "connector/icon/dropbox73_gXg5SMU.png", "connection_help_text": "Help connection information"}}, {"model": "gp.connector", "pk": 42, "fields": {"name": "Magento", "short_description": "Open-source e-commerce platform written in PHP.", "description": "Magento Community Edition, is an open-source eCommerce platform. Developers can implement the core files and extend its functionality by adding new plug-in modules provided by other developers.", "is_active": true, "is_source": true, "is_target": true, "icon15": "connector/icon/magento15.png", "icon73": "connector/icon/magento73.png", "icon110": "connector/icon/magento73_jEG8fQT.png", "connection_help_text": "Help connection information"}}, {"model": "gp.connector", "pk": 43, "fields": {"name": "Asana", "short_description": "Web and mobile application designed to help teams track their work.", "description": "It focuses on allowing users to manage projects and tasks online without the use of email. Each team can create a workspace. Workspaces contain projects, and projects contain tasks. In each task, users can add notes, comments, attachments, and tags. Users can follow projects and tasks and, when the state of a project or task changes, followers get updates about the changes in their inboxes.", "is_active": true, "is_source": true, "is_target": true, "icon15": "connector/icon/asana15.png", "icon73": "connector/icon/asana73.png", "icon110": "connector/icon/asana73_cisvdpF.png", "connection_help_text": "Help connection information"}}, {"model": "gp.connector", "pk": 44, "fields": {"name": "Mandrill", "short_description": "Transactional email API for MailChimp users.", "description": "It's reliable, powerful, and ideal for sending data-driven emails, including targeted e-commerce and personalized one-to-one messages.", "is_active": true, "is_source": false, "is_target": true, "icon15": "connector/icon/mandrill15.png", "icon73": "connector/icon/mandrill73.png", "icon110": "connector/icon/mandrill73_QNvPjEH.png", "connection_help_text": "Help connection information"}}, {"model": "gp.connector", "pk": 45, "fields": {"name": "ActiveCampaign", "short_description": "Integrated email marketing, marketing automation, and small business CRM.", "description": "Complete sales automation, manage and grow your list of contacts and capture more leads than ever before.", "is_active": true, "is_source": true, "is_target": true, "icon15": "connector/icon/activecampaign15.png", "icon73": "connector/icon/activecampaign73.png", "icon110": "connector/icon/activecampaign73_xemsijj.png", "connection_help_text": "Help connection information"}}, {"model": "gp.connector", "pk": 46, "fields": {"name": "TypeForm", "short_description": "SaaS that makes very flexible, customized forms.", "description": "Things like business forms, surveys, quizzes, product feedback, contest, landing page, test, and payment forms are all possible with Typeform. The customizations available far exceed what\u2019s available with Google Forms (but rivals SurveyMonkey, for example) and that may be too much for your needs. All your forms can be found on the dashboard when you sign in, so you can keep everything organized.", "is_active": true, "is_source": true, "is_target": false, "icon15": "connector/icon/typeform15.png", "icon73": "connector/icon/typeform73.png", "icon110": "connector/icon/typeform73_FfKIYQG.png", "connection_help_text": "Help connection information"}}, {"model": "gp.connector", "pk": 47, "fields": {"name": "InfusionSoft", "short_description": "E-mail marketing and sales platform for small businesses.", "description": "InfusionSoft offers an integrated email marketing platform designed for small businesses with fewer than 25 employees. Specific features of the platform include lead scoring, web tracking, and social media tools.", "is_active": true, "is_source": true, "is_target": true, "icon15": "connector/icon/infusionsoft15.png", "icon73": "connector/icon/infusionsoft73.png", "icon110": "connector/icon/infusionsoft73_PRRoTmd.png", "connection_help_text": "Help connection information"}}, {"model": "gp.connector", "pk": 48, "fields": {"name": "OdooCRM", "short_description": "CRM software from Odoo ERP.", "description": "Get accurate forecasts, automate activities based on your sales guide: calls, meetings, mailing and budgets. Real-time summary. Real-time messaging to improve collaboration.", "is_active": true, "is_source": true, "is_target": true, "icon15": "connector/icon/odoocrm15.png", "icon73": "connector/icon/odoocrm73.png", "icon110": "connector/icon/odoocrm73_DNKEUZA.png", "connection_help_text": "Help connection information"}}, {"model": "gp.connector", "pk": 49, "fields": {"name": "Batchbook", "short_description": "Small business CRM solution.", "description": "Easy Start, available on mobile, Automate all the little tasks \u2013 think recurring to-dos and routine emails \u2013 and add some extra time back into your day.", "is_active": true, "is_source": true, "is_target": true, "icon15": "connector/icon/batchbook15.png", "icon73": "connector/icon/batchbook73.png", "icon110": "connector/icon/batchbook73_naAqkxm.png", "connection_help_text": "Help connection information"}}, {"model": "gp.connector", "pk": 50, "fields": {"name": "ActEssentials", "short_description": "Customer relationship management (CRM) software application.", "description": "Used to keep track of client and prospect details in a single database that can be shared by multiple users. It integrates with Microsoft Word, Excel, Outlook, Google Contacts, Gmail and other popular applications in order to generate and track communications with the contacts maintained in ACT!.", "is_active": true, "is_source": true, "is_target": true, "icon15": "connector/icon/actessentials15.png", "icon73": "connector/icon/actessentials73.png", "icon110": "connector/icon/actessentials73_5tb73P5.png", "connection_help_text": "Help connection information"}}, {"model": "gp.connector", "pk": 51, "fields": {"name": "NimbleCRM", "short_description": "Small business  CRM.", "description": "Get the key benefits of Enterprise CRM to grow your business without the cost and complexity. Nimble delivers Contact Management, Sales and Marketing automation, people and company business intelligence, social listening and engagement and mobile/browser apps.", "is_active": true, "is_source": true, "is_target": true, "icon15": "connector/icon/nimblecrm15.png", "icon73": "connector/icon/nimblecrm73.png", "icon110": "connector/icon/nimblecrm73_iq3Z27C.png", "connection_help_text": "Help connection information"}}, {"model": "gp.connector", "pk": 52, "fields": {"name": "Webhook", "short_description": "Generic webhook implementation.", "description": "Generic webhook implementation.", "is_active": true, "is_source": true, "is_target": false, "icon15": "connector/icon/webhook15.png", "icon73": "connector/icon/webhook73.png", "icon110": "connector/icon/webhook73_hhmN4fv.png", "connection_help_text": "Help connection information"}}, {"model": "gp.action", "pk": 1, "fields": {"connector": 1, "action_type": "source", "name": "get leads", "description": "gets facebook leads", "is_active": true}}, {"model": "gp.action", "pk": 2, "fields": {"connector": 2, "action_type": "source", "name": "get row", "description": "get row", "is_active": true}}, {"model": "gp.action", "pk": 3, "fields": {"connector": 2, "action_type": "target", "name": "create row", "description": "create row", "is_active": true}}, {"model": "gp.action", "pk": 4, "fields": {"connector": 3, "action_type": "source", "name": "get module data", "description": "get data", "is_active": true}}, {"model": "gp.action", "pk": 5, "fields": {"connector": 3, "action_type": "target", "name": "set module data", "description": "set data", "is_active": true}}, {"model": "gp.action", "pk": 6, "fields": {"connector": 4, "action_type": "target", "name": "subscribe", "description": "subscribe", "is_active": true}}, {"model": "gp.action", "pk": 7, "fields": {"connector": 4, "action_type": "target", "name": "unsubscribe", "description": "unsubscribe", "is_active": true}}, {"model": "gp.action", "pk": 8, "fields": {"connector": 5, "action_type": "source", "name": "get row", "description": "get row", "is_active": true}}, {"model": "gp.action", "pk": 9, "fields": {"connector": 5, "action_type": "target", "name": "set row", "description": "set row", "is_active": true}}, {"model": "gp.action", "pk": 10, "fields": {"connector": 6, "action_type": "source", "name": "get row", "description": "get row", "is_active": true}}, {"model": "gp.action", "pk": 11, "fields": {"connector": 6, "action_type": "target", "name": "create row", "description": "create row", "is_active": true}}, {"model": "gp.action", "pk": 12, "fields": {"connector": 7, "action_type": "source", "name": "get row", "description": "get row", "is_active": true}}, {"model": "gp.action", "pk": 13, "fields": {"connector": 7, "action_type": "target", "name": "create row", "description": "create row", "is_active": true}}, {"model": "gp.action", "pk": 14, "fields": {"connector": 8, "action_type": "source", "name": "new message posted to a chanel", "description": "new message posted to a chanel", "is_active": true}}, {"model": "gp.action", "pk": 15, "fields": {"connector": 8, "action_type": "target", "name": "post message to a channel", "description": "post message to a channel", "is_active": true}}, {"model": "gp.action", "pk": 16, "fields": {"connector": 8, "action_type": "target", "name": "post message to a user private chat", "description": "post message to a user private chat", "is_active": true}}, {"model": "gp.action", "pk": 17, "fields": {"connector": 9, "action_type": "target", "name": "create issue", "description": "create issue", "is_active": true}}, {"model": "gp.action", "pk": 18, "fields": {"connector": 10, "action_type": "target", "name": "create issue", "description": "create issue", "is_active": true}}, {"model": "gp.action", "pk": 19, "fields": {"connector": 10, "action_type": "source", "name": "new issue created", "description": "new issue created", "is_active": true}}, {"model": "gp.action", "pk": 20, "fields": {"connector": 9, "action_type": "source", "name": "new issue", "description": "new issue", "is_active": true}}, {"model": "gp.action", "pk": 21, "fields": {"connector": 11, "action_type": "source", "name": "get answer", "description": "get answer", "is_active": true}}, {"model": "gp.action", "pk": 22, "fields": {"connector": 13, "action_type": "target", "name": "subscribe", "description": "subscribe", "is_active": true}}, {"model": "gp.action", "pk": 23, "fields": {"connector": 13, "action_type": "target", "name": "Unsubscribe", "description": "Unsubscribe", "is_active": true}}, {"model": "gp.action", "pk": 24, "fields": {"connector": 15, "action_type": "source", "name": "read a survey", "description": "read a survey on surveymonkey", "is_active": true}}, {"model": "gp.action", "pk": 25, "fields": {"connector": 24, "action_type": "source", "name": "push notification", "description": "push notification", "is_active": true}}, {"model": "gp.action", "pk": 26, "fields": {"connector": 24, "action_type": "target", "name": "upload video", "description": "upload video", "is_active": true}}, {"model": "gp.action", "pk": 27, "fields": {"connector": 16, "action_type": "source", "name": "new event", "description": "new event", "is_active": true}}, {"model": "gp.action", "pk": 28, "fields": {"connector": 16, "action_type": "target", "name": "create event", "description": "create event", "is_active": true}}, {"model": "gp.action", "pk": 29, "fields": {"connector": 26, "action_type": "source", "name": "new feed", "description": "reads a new fead", "is_active": true}}, {"model": "gp.action", "pk": 30, "fields": {"connector": 26, "action_type": "target", "name": "create feed", "description": "creates a new feed", "is_active": true}}, {"model": "gp.action", "pk": 31, "fields": {"connector": 27, "action_type": "source", "name": "new task", "description": "new task", "is_active": true}}, {"model": "gp.action", "pk": 32, "fields": {"connector": 27, "action_type": "target", "name": "create task", "description": "create task", "is_active": true}}, {"model": "gp.action", "pk": 33, "fields": {"connector": 20, "action_type": "source", "name": "new email", "description": "new email received", "is_active": true}}, {"model": "gp.action", "pk": 34, "fields": {"connector": 27, "action_type": "source", "name": "completed task", "description": "completed task", "is_active": true}}, {"model": "gp.action", "pk": 35, "fields": {"connector": 23, "action_type": "source", "name": "new media", "description": "new media", "is_active": true}}, {"model": "gp.action", "pk": 36, "fields": {"connector": 30, "action_type": "source", "name": "new note created", "description": "new note created", "is_active": true}}, {"model": "gp.action", "pk": 37, "fields": {"connector": 30, "action_type": "target", "name": "create note", "description": "create note", "is_active": true}}, {"model": "gp.action", "pk": 38, "fields": {"connector": 34, "action_type": "source", "name": "new module item", "description": "new module item created", "is_active": true}}, {"model": "gp.action", "pk": 39, "fields": {"connector": 34, "action_type": "target", "name": "create module item", "description": "create module item", "is_active": true}}, {"model": "gp.action", "pk": 40, "fields": {"connector": 43, "action_type": "source", "name": "new task created", "description": "new task created", "is_active": true}}, {"model": "gp.action", "pk": 41, "fields": {"connector": 43, "action_type": "target", "name": "create new task", "description": "create new task", "is_active": true}}, {"model": "gp.action", "pk": 42, "fields": {"connector": 44, "action_type": "target", "name": "send mail", "description": "send mail", "is_active": true}}, {"model": "gp.action", "pk": 43, "fields": {"connector": 31, "action_type": "target", "name": "create lead", "description": "create lead", "is_active": true}}, {"model": "gp.action", "pk": 44, "fields": {"connector": 31, "action_type": "target", "name": "create contact", "description": "create contact", "is_active": true}}, {"model": "gp.action", "pk": 45, "fields": {"connector": 46, "action_type": "source", "name": "new answer", "description": "new answer", "is_active": true}}, {"model": "gp.action", "pk": 46, "fields": {"connector": 20, "action_type": "target", "name": "send email", "description": "send email", "is_active": true}}, {"model": "gp.action", "pk": 47, "fields": {"connector": 12, "action_type": "target", "name": "post new tweet", "description": "post a new tweet", "is_active": true}}, {"model": "gp.action", "pk": 48, "fields": {"connector": 45, "action_type": "source", "name": "new contact", "description": "new contact", "is_active": true}}, {"model": "gp.action", "pk": 49, "fields": {"connector": 45, "action_type": "target", "name": "create contact", "description": "create contact", "is_active": true}}, {"model": "gp.action", "pk": 50, "fields": {"connector": 39, "action_type": "source", "name": "new issue", "description": "new issue created", "is_active": true}}, {"model": "gp.action", "pk": 51, "fields": {"connector": 39, "action_type": "target", "name": "create issue", "description": "create issue", "is_active": true}}, {"model": "gp.action", "pk": 52, "fields": {"connector": 17, "action_type": "target", "name": "list product", "description": "list products", "is_active": true}}, {"model": "gp.action", "pk": 53, "fields": {"connector": 17, "action_type": "source", "name": "orders", "description": "new order placed", "is_active": true}}, {"model": "gp.action", "pk": 54, "fields": {"connector": 17, "action_type": "source", "name": "created_orders", "description": "order paid", "is_active": true}}, {"model": "gp.action", "pk": 55, "fields": {"connector": 40, "action_type": "source", "name": "new customer", "description": "new customer", "is_active": true}}, {"model": "gp.action", "pk": 56, "fields": {"connector": 40, "action_type": "source", "name": "new product", "description": "new product", "is_active": true}}, {"model": "gp.action", "pk": 57, "fields": {"connector": 40, "action_type": "source", "name": "new order", "description": "new order", "is_active": true}}, {"model": "gp.action", "pk": 58, "fields": {"connector": 40, "action_type": "target", "name": "create customer", "description": "create customer", "is_active": true}}, {"model": "gp.action", "pk": 59, "fields": {"connector": 40, "action_type": "target", "name": "create product", "description": "create product", "is_active": true}}, {"model": "gp.action", "pk": 60, "fields": {"connector": 40, "action_type": "target", "name": "create order", "description": "create order", "is_active": true}}, {"model": "gp.action", "pk": 61, "fields": {"connector": 45, "action_type": "source", "name": "new subscriber", "description": "new subscriber (contact)", "is_active": true}}, {"model": "gp.action", "pk": 62, "fields": {"connector": 45, "action_type": "source", "name": "unsubscribed contact", "description": "unsubscribed contact", "is_active": true}}, {"model": "gp.action", "pk": 63, "fields": {"connector": 45, "action_type": "target", "name": "subscribe contact", "description": "subscribe contact", "is_active": true}}, {"model": "gp.action", "pk": 64, "fields": {"connector": 45, "action_type": "target", "name": "unsubscribe contact", "description": "unsubscribe contact", "is_active": true}}, {"model": "gp.action", "pk": 65, "fields": {"connector": 29, "action_type": "target", "name": "send email", "description": "send email", "is_active": true}}, {"model": "gp.action", "pk": 66, "fields": {"connector": 28, "action_type": "target", "name": "send sms", "description": "send a sms", "is_active": true}}, {"model": "gp.action", "pk": 67, "fields": {"connector": 49, "action_type": "source", "name": "new contact", "description": "new contact", "is_active": true}}, {"model": "gp.action", "pk": 68, "fields": {"connector": 49, "action_type": "target", "name": "create contact", "description": "create contact", "is_active": true}}, {"model": "gp.action", "pk": 69, "fields": {"connector": 48, "action_type": "target", "name": "create_contact", "description": "create_contact", "is_active": true}}, {"model": "gp.action", "pk": 70, "fields": {"connector": 48, "action_type": "source", "name": "new_contact", "description": "new_contact", "is_active": true}}, {"model": "gp.action", "pk": 73, "fields": {"connector": 50, "action_type": "target", "name": "create opportunity", "description": "create opportunity", "is_active": true}}, {"model": "gp.action", "pk": 74, "fields": {"connector": 50, "action_type": "target", "name": "create contact", "description": "create contact", "is_active": true}}, {"model": "gp.action", "pk": 75, "fields": {"connector": 50, "action_type": "source", "name": "new opportunity", "description": "new opportunity", "is_active": true}}, {"model": "gp.action", "pk": 76, "fields": {"connector": 50, "action_type": "source", "name": "new contact", "description": "new contact", "is_active": true}}, {"model": "gp.action", "pk": 77, "fields": {"connector": 52, "action_type": "source", "name": "post received", "description": "post received", "is_active": true}}, {"model": "gp.action", "pk": 78, "fields": {"connector": 45, "action_type": "source", "name": "new task", "description": "new task created", "is_active": true}}, {"model": "gp.action", "pk": 79, "fields": {"connector": 45, "action_type": "source", "name": "new deal", "description": "new deal created", "is_active": true}}, {"model": "gp.action", "pk": 80, "fields": {"connector": 45, "action_type": "source", "name": "deal updated", "description": "existing deal updated", "is_active": true}}, {"model": "gp.action", "pk": 81, "fields": {"connector": 45, "action_type": "source", "name": "task completed", "description": "existing task completed", "is_active": true}}, {"model": "gp.action", "pk": 82, "fields": {"connector": 31, "action_type": "source", "name": "new event", "description": "new event", "is_active": true}}, {"model": "gp.actionspecification", "pk": 1, "fields": {"action": 2, "name": "order by"}}, {"model": "gp.actionspecification", "pk": 2, "fields": {"action": 4, "name": "module"}}, {"model": "gp.actionspecification", "pk": 3, "fields": {"action": 5, "name": "module"}}, {"model": "gp.actionspecification", "pk": 4, "fields": {"action": 6, "name": "list"}}, {"model": "gp.actionspecification", "pk": 5, "fields": {"action": 7, "name": "list"}}, {"model": "gp.actionspecification", "pk": 6, "fields": {"action": 8, "name": "spreadsheet"}}, {"model": "gp.actionspecification", "pk": 7, "fields": {"action": 9, "name": "spreadsheet"}}, {"model": "gp.actionspecification", "pk": 8, "fields": {"action": 8, "name": "worksheet"}}, {"model": "gp.actionspecification", "pk": 9, "fields": {"action": 9, "name": "worksheet"}}, {"model": "gp.actionspecification", "pk": 10, "fields": {"action": 10, "name": "order by"}}, {"model": "gp.actionspecification", "pk": 11, "fields": {"action": 12, "name": "order by"}}, {"model": "gp.actionspecification", "pk": 12, "fields": {"action": 1, "name": "page"}}, {"model": "gp.actionspecification", "pk": 13, "fields": {"action": 1, "name": "form"}}, {"model": "gp.actionspecification", "pk": 14, "fields": {"action": 14, "name": "channel"}}, {"model": "gp.actionspecification", "pk": 15, "fields": {"action": 15, "name": "channel"}}, {"model": "gp.actionspecification", "pk": 16, "fields": {"action": 16, "name": "channel"}}, {"model": "gp.actionspecification", "pk": 17, "fields": {"action": 17, "name": "project_id"}}, {"model": "gp.actionspecification", "pk": 18, "fields": {"action": 18, "name": "repository"}}, {"model": "gp.actionspecification", "pk": 19, "fields": {"action": 19, "name": "repository"}}, {"model": "gp.actionspecification", "pk": 20, "fields": {"action": 33, "name": "email"}}, {"model": "gp.actionspecification", "pk": 21, "fields": {"action": 46, "name": "email"}}, {"model": "gp.actionspecification", "pk": 22, "fields": {"action": 20, "name": "project_id"}}, {"model": "gp.actionspecification", "pk": 23, "fields": {"action": 21, "name": "form"}}, {"model": "gp.actionspecification", "pk": 24, "fields": {"action": 22, "name": "campaign"}}, {"model": "gp.actionspecification", "pk": 25, "fields": {"action": 23, "name": "campaign"}}, {"model": "gp.actionspecification", "pk": 26, "fields": {"action": 27, "name": "calendar"}}, {"model": "gp.actionspecification", "pk": 27, "fields": {"action": 28, "name": "calendar"}}, {"model": "gp.actionspecification", "pk": 28, "fields": {"action": 24, "name": "survey"}}, {"model": "gp.actionspecification", "pk": 29, "fields": {"action": 25, "name": "channel"}}, {"model": "gp.actionspecification", "pk": 30, "fields": {"action": 26, "name": "channel"}}, {"model": "gp.actionspecification", "pk": 31, "fields": {"action": 35, "name": "account"}}, {"model": "gp.actionspecification", "pk": 32, "fields": {"action": 29, "name": "feed"}}, {"model": "gp.actionspecification", "pk": 33, "fields": {"action": 30, "name": "feed"}}, {"model": "gp.actionspecification", "pk": 34, "fields": {"action": 38, "name": "module"}}, {"model": "gp.actionspecification", "pk": 35, "fields": {"action": 39, "name": "module"}}, {"model": "gp.actionspecification", "pk": 36, "fields": {"action": 40, "name": "project"}}, {"model": "gp.actionspecification", "pk": 37, "fields": {"action": 41, "name": "workspace"}}, {"model": "gp.actionspecification", "pk": 38, "fields": {"action": 41, "name": "project"}}, {"model": "gp.actionspecification", "pk": 39, "fields": {"action": 31, "name": "list"}}, {"model": "gp.actionspecification", "pk": 40, "fields": {"action": 32, "name": "list"}}, {"model": "gp.actionspecification", "pk": 41, "fields": {"action": 34, "name": "list"}}, {"model": "gp.actionspecification", "pk": 42, "fields": {"action": 2, "name": "unique"}}, {"model": "gp.actionspecification", "pk": 43, "fields": {"action": 10, "name": "unique"}}, {"model": "gp.actionspecification", "pk": 45, "fields": {"action": 49, "name": "list"}}, {"model": "gp.actionspecification", "pk": 46, "fields": {"action": 50, "name": "project"}}, {"model": "gp.actionspecification", "pk": 47, "fields": {"action": 51, "name": "project"}}, {"model": "gp.actionspecification", "pk": 48, "fields": {"action": 45, "name": "form"}}, {"model": "gp.actionspecification", "pk": 49, "fields": {"action": 61, "name": "list"}}, {"model": "gp.actionspecification", "pk": 50, "fields": {"action": 62, "name": "list"}}, {"model": "gp.actionspecification", "pk": 51, "fields": {"action": 63, "name": "list"}}, {"model": "gp.actionspecification", "pk": 52, "fields": {"action": 64, "name": "list"}}, {"model": "gp.actionspecification", "pk": 53, "fields": {"action": 82, "name": "sobject"}}, {"model": "gp.actionspecification", "pk": 54, "fields": {"action": 82, "name": "event"}}, {"model": "gp.actionspecification", "pk": 55, "fields": {"action": 12, "name": "unique"}}, {"model": "gp.category", "pk": 1, "fields": {"name": "CRM"}}, {"model": "gp.category", "pk": 2, "fields": {"name": "Database"}}, {"model": "gp.category", "pk": 3, "fields": {"name": "Directory"}}, {"model": "gp.category", "pk": 4, "fields": {"name": "E-Commerce"}}, {"model": "gp.category", "pk": 5, "fields": {"name": "Email"}}, {"model": "gp.category", "pk": 6, "fields": {"name": "Email Marketing"}}, {"model": "gp.category", "pk": 7, "fields": {"name": "IM"}}, {"model": "gp.category", "pk": 8, "fields": {"name": "Lead"}}, {"model": "gp.category", "pk": 9, "fields": {"name": "Ofimatic"}}, {"model": "gp.category", "pk": 10, "fields": {"name": "Project Management"}}, {"model": "gp.category", "pk": 11, "fields": {"name": "Repository"}}, {"model": "gp.category", "pk": 12, "fields": {"name": "Social"}}, {"model": "gp.connectorcategory", "pk": 1, "fields": {"connector": 1, "category": 8}}, {"model": "gp.connectorcategory", "pk": 2, "fields": {"connector": 2, "category": 2}}, {"model": "gp.connectorcategory", "pk": 3, "fields": {"connector": 3, "category": 1}}, {"model": "gp.connectorcategory", "pk": 4, "fields": {"connector": 4, "category": 6}}, {"model": "gp.connectorcategory", "pk": 5, "fields": {"connector": 5, "category": 9}}, {"model": "gp.connectorcategory", "pk": 6, "fields": {"connector": 6, "category": 2}}, {"model": "gp.connectorcategory", "pk": 7, "fields": {"connector": 7, "category": 2}}, {"model": "gp.connectorcategory", "pk": 8, "fields": {"connector": 8, "category": 7}}, {"model": "gp.connectorcategory", "pk": 9, "fields": {"connector": 9, "category": 10}}, {"model": "gp.connectorcategory", "pk": 10, "fields": {"connector": 10, "category": 11}}, {"model": "gp.connectorcategory", "pk": 11, "fields": {"connector": 11, "category": 8}}, {"model": "gp.connectorcategory", "pk": 12, "fields": {"connector": 12, "category": 12}}, {"model": "gp.connectorcategory", "pk": 13, "fields": {"connector": 13, "category": 6}}, {"model": "gp.connectorcategory", "pk": 14, "fields": {"connector": 14, "category": 3}}, {"model": "gp.connectorcategory", "pk": 15, "fields": {"connector": 15, "category": 8}}, {"model": "gp.connectorcategory", "pk": 16, "fields": {"connector": 16, "category": 9}}, {"model": "gp.connectorcategory", "pk": 17, "fields": {"connector": 17, "category": 4}}, {"model": "gp.connectorcategory", "pk": 18, "fields": {"connector": 18, "category": 4}}, {"model": "gp.connectorcategory", "pk": 19, "fields": {"connector": 19, "category": 4}}, {"model": "gp.connectorcategory", "pk": 20, "fields": {"connector": 20, "category": 5}}, {"model": "gp.connectorcategory", "pk": 21, "fields": {"connector": 21, "category": 4}}, {"model": "gp.connectorcategory", "pk": 22, "fields": {"connector": 23, "category": 12}}, {"model": "gp.connectorcategory", "pk": 23, "fields": {"connector": 24, "category": 12}}, {"model": "gp.connectorcategory", "pk": 24, "fields": {"connector": 26, "category": 1}}, {"model": "gp.connectorcategory", "pk": 25, "fields": {"connector": 27, "category": 9}}, {"model": "gp.connectorcategory", "pk": 26, "fields": {"connector": 28, "category": 7}}, {"model": "gp.connectorcategory", "pk": 27, "fields": {"connector": 29, "category": 5}}, {"model": "gp.connectorcategory", "pk": 28, "fields": {"connector": 30, "category": 9}}, {"model": "gp.connectorcategory", "pk": 29, "fields": {"connector": 31, "category": 1}}, {"model": "gp.connectorcategory", "pk": 30, "fields": {"connector": 32, "category": 1}}, {"model": "gp.connectorcategory", "pk": 31, "fields": {"connector": 34, "category": 1}}, {"model": "gp.connectorcategory", "pk": 32, "fields": {"connector": 38, "category": 1}}, {"model": "gp.connectorcategory", "pk": 33, "fields": {"connector": 39, "category": 11}}, {"model": "gp.connectorcategory", "pk": 34, "fields": {"connector": 40, "category": 4}}, {"model": "gp.connectorcategory", "pk": 35, "fields": {"connector": 42, "category": 4}}, {"model": "gp.connectorcategory", "pk": 36, "fields": {"connector": 43, "category": 10}}, {"model": "gp.connectorcategory", "pk": 37, "fields": {"connector": 44, "category": 6}}, {"model": "gp.connectorcategory", "pk": 38, "fields": {"connector": 45, "category": 1}}, {"model": "gp.connectorcategory", "pk": 39, "fields": {"connector": 46, "category": 8}}, {"model": "gp.connectorcategory", "pk": 40, "fields": {"connector": 47, "category": 1}}, {"model": "gp.connectorcategory", "pk": 41, "fields": {"connector": 48, "category": 1}}, {"model": "gp.connectorcategory", "pk": 42, "fields": {"connector": 49, "category": 1}}, {"model": "gp.connectorcategory", "pk": 43, "fields": {"connector": 50, "category": 1}}, {"model": "gp.connectorcategory", "pk": 44, "fields": {"connector": 51, "category": 1}}]
