[{"model": "gp.connector", "pk": 1, "fields": {"name": "FacebookLeads", "is_active": true, "css_class": "", "is_source": true, "is_target": false, "icon": "connector/icon/facebook.png"}}, {"model": "gp.connector", "pk": 2, "fields": {"name": "MySQL", "is_active": true, "css_class": "", "is_source": true, "is_target": true, "icon": "connector/icon/mysql.png"}}, {"model": "gp.connector", "pk": 3, "fields": {"name": "SugarCRM", "is_active": true, "css_class": "", "is_source": true, "is_target": true, "icon": "connector/icon/sugarcrm.png"}}, {"model": "gp.connector", "pk": 4, "fields": {"name": "MailChimp", "is_active": true, "css_class": "", "is_source": false, "is_target": true, "icon": "connector/icon/mailchimp.png"}}, {"model": "gp.connector", "pk": 5, "fields": {"name": "GoogleSpreadSheet", "is_active": true, "css_class": "", "is_source": true, "is_target": true, "icon": "connector/icon/googlesheets.png"}}, {"model": "gp.connector", "pk": 6, "fields": {"name": "PostgreSQL", "is_active": true, "css_class": "", "is_source": true, "is_target": true, "icon": "connector/icon/postgresql.png"}}, {"model": "gp.connector", "pk": 7, "fields": {"name": "MSSQLServer", "is_active": true, "css_class": "", "is_source": true, "is_target": true, "icon": "connector/icon/mssqlserver.png"}}, {"model": "gp.connector", "pk": 8, "fields": {"name": "Slack", "is_active": true, "css_class": "", "is_source": true, "is_target": true, "icon": "connector/icon/slack.png"}}, {"model": "gp.connector", "pk": 9, "fields": {"name": "JIRA", "is_active": true, "css_class": "", "is_source": true, "is_target": true, "icon": "connector/icon/jira.png"}}, {"model": "gp.connector", "pk": 10, "fields": {"name": "Bitbucket", "is_active": true, "css_class": "", "is_source": true, "is_target": true, "icon": "connector/icon/bitbucket.png"}}, {"model": "gp.connector", "pk": 11, "fields": {"name": "GoogleForms", "is_active": true, "css_class": "", "is_source": true, "is_target": false, "icon": "connector/icon/googleforms.jpg"}}, {"model": "gp.connector", "pk": 12, "fields": {"name": "Twitter", "is_active": true, "css_class": "", "is_source": false, "is_target": true, "icon": "connector/icon/twitter.png"}}, {"model": "gp.connector", "pk": 13, "fields": {"name": "GetResponse", "is_active": true, "css_class": "", "is_source": false, "is_target": true, "icon": "connector/icon/getresponse_NiQlw0T.png"}}, {"model": "gp.connector", "pk": 14, "fields": {"name": "GoogleContacts", "is_active": false, "css_class": "", "is_source": true, "is_target": true, "icon": "connector/icon/googlecontacts.png"}}, {"model": "gp.connector", "pk": 15, "fields": {"name": "SurveyMonkey", "is_active": true, "css_class": "", "is_source": true, "is_target": false, "icon": "connector/icon/surveymonkey.png"}}, {"model": "gp.connector", "pk": 16, "fields": {"name": "GoogleCalendar", "is_active": true, "css_class": "", "is_source": true, "is_target": true, "icon": "connector/icon/googlecalendar.png"}}, {"model": "gp.connector", "pk": 17, "fields": {"name": "MercadoLibre", "is_active": false, "css_class": "", "is_source": true, "is_target": true, "icon": "connector/icon/mercadolibre.png"}}, {"model": "gp.connector", "pk": 18, "fields": {"name": "AmazonSellerCentral", "is_active": false, "css_class": "", "is_source": false, "is_target": false, "icon": "connector/icon/amaozonsellercentral.jpg"}}, {"model": "gp.connector", "pk": 19, "fields": {"name": "PayU", "is_active": false, "css_class": "", "is_source": false, "is_target": false, "icon": "connector/icon/payu.png"}}, {"model": "gp.connector", "pk": 20, "fields": {"name": "Gmail", "is_active": true, "css_class": "", "is_source": true, "is_target": true, "icon": "connector/icon/gmail.png"}}, {"model": "gp.connector", "pk": 21, "fields": {"name": "Ebay", "is_active": false, "css_class": "", "is_source": false, "is_target": false, "icon": "connector/icon/ebay.jpg"}}, {"model": "gp.connector", "pk": 22, "fields": {"name": "WooComerce", "is_active": false, "css_class": "", "is_source": false, "is_target": false, "icon": "connector/icon/woocomerce.png"}}, {"model": "gp.connector", "pk": 23, "fields": {"name": "Instagram", "is_active": true, "css_class": "", "is_source": true, "is_target": false, "icon": "connector/icon/instagram.png"}}, {"model": "gp.connector", "pk": 24, "fields": {"name": "Youtube", "is_active": false, "css_class": "", "is_source": false, "is_target": false, "icon": "connector/icon/youtube.png"}}, {"model": "gp.connector", "pk": 25, "fields": {"name": "Vimeo", "is_active": false, "css_class": "", "is_source": false, "is_target": false, "icon": "connector/icon/vimeo.png"}}, {"model": "gp.connector", "pk": 26, "fields": {"name": "ZohoCRM", "is_active": true, "css_class": "", "is_source": true, "is_target": true, "icon": "connector/icon/zohocrm.jpg"}}, {"model": "gp.connector", "pk": 27, "fields": {"name": "WunderList", "is_active": true, "css_class": "", "is_source": true, "is_target": true, "icon": "connector/icon/wunderlist.png"}}, {"model": "gp.connector", "pk": 28, "fields": {"name": "SMS", "is_active": true, "css_class": "", "is_source": false, "is_target": true, "icon": "connector/icon/sms.png"}}, {"model": "gp.connector", "pk": 29, "fields": {"name": "SMTP", "is_active": true, "css_class": "", "is_source": false, "is_target": true, "icon": "connector/icon/smtp.png"}}, {"model": "gp.connector", "pk": 30, "fields": {"name": "Evernote", "is_active": true, "css_class": "", "is_source": true, "is_target": true, "icon": "connector/icon/evernote.png"}}, {"model": "gp.connector", "pk": 31, "fields": {"name": "Salesforece", "is_active": false, "css_class": "", "is_source": false, "is_target": false, "icon": "connector/icon/salesforce.png"}}, {"model": "gp.connector", "pk": 32, "fields": {"name": "Vtiger", "is_active": false, "css_class": "", "is_source": false, "is_target": false, "icon": "connector/icon/vtiger.png"}}, {"model": "gp.connector", "pk": 33, "fields": {"name": "ProsperWorks", "is_active": false, "css_class": "", "is_source": false, "is_target": false, "icon": "connector/icon/vtiger.png"}}, {"model": "gp.connector", "pk": 34, "fields": {"name": "HubSpot", "is_active": false, "css_class": "", "is_source": false, "is_target": false, "icon": ""}}, {"model": "gp.connector", "pk": 35, "fields": {"name": "PipeDrive", "is_active": false, "css_class": "", "is_source": false, "is_target": false, "icon": ""}}, {"model": "gp.connector", "pk": 36, "fields": {"name": "DynamicCRM", "is_active": false, "css_class": "", "is_source": false, "is_target": false, "icon": ""}}, {"model": "gp.connector", "pk": 37, "fields": {"name": "FreshDesk", "is_active": false, "css_class": "", "is_source": false, "is_target": false, "icon": ""}}, {"model": "gp.connector", "pk": 38, "fields": {"name": "AgileCRM", "is_active": false, "css_class": "", "is_source": false, "is_target": false, "icon": ""}}, {"model": "gp.connector", "pk": 39, "fields": {"name": "GitLab", "is_active": false, "css_class": "", "is_source": false, "is_target": false, "icon": "connector/icon/gitlab.png"}}, {"model": "gp.connector", "pk": 40, "fields": {"name": "Shopify", "is_active": true, "css_class": "", "is_source": true, "is_target": true, "icon": "connector/icon/shopify.png"}}, {"model": "gp.connector", "pk": 41, "fields": {"name": "Dropbox", "is_active": false, "css_class": "", "is_source": false, "is_target": false, "icon": ""}}, {"model": "gp.connector", "pk": 42, "fields": {"name": "Magento", "is_active": true, "css_class": "", "is_source": true, "is_target": true, "icon": "connector/icon/magento.png"}}, {"model": "gp.connector", "pk": 43, "fields": {"name": "Asana", "is_active": true, "css_class": "", "is_source": true, "is_target": true, "icon": "connector/icon/asana.png"}}, {"model": "gp.connector", "pk": 44, "fields": {"name": "Mandrill", "is_active": true, "css_class": "", "is_source": false, "is_target": true, "icon": "connector/icon/mandrill.png"}}, {"model": "gp.action", "pk": 1, "fields": {"connector": 1, "action_type": "source", "name": "get leads", "description": "gets facebook leads", "is_active": true}}, {"model": "gp.action", "pk": 2, "fields": {"connector": 2, "action_type": "source", "name": "get row", "description": "get row", "is_active": true}}, {"model": "gp.action", "pk": 3, "fields": {"connector": 2, "action_type": "target", "name": "create row", "description": "create row", "is_active": true}}, {"model": "gp.action", "pk": 4, "fields": {"connector": 3, "action_type": "source", "name": "get module data", "description": "get data", "is_active": true}}, {"model": "gp.action", "pk": 5, "fields": {"connector": 3, "action_type": "target", "name": "set module data", "description": "set data", "is_active": true}}, {"model": "gp.action", "pk": 6, "fields": {"connector": 4, "action_type": "target", "name": "subscribe", "description": "subscribe", "is_active": true}}, {"model": "gp.action", "pk": 7, "fields": {"connector": 4, "action_type": "target", "name": "unsubscribe", "description": "unsubscribe", "is_active": true}}, {"model": "gp.action", "pk": 8, "fields": {"connector": 5, "action_type": "source", "name": "get row", "description": "get row", "is_active": true}}, {"model": "gp.action", "pk": 9, "fields": {"connector": 5, "action_type": "target", "name": "set row", "description": "set row", "is_active": true}}, {"model": "gp.action", "pk": 10, "fields": {"connector": 6, "action_type": "source", "name": "get row", "description": "get row", "is_active": true}}, {"model": "gp.action", "pk": 11, "fields": {"connector": 6, "action_type": "target", "name": "create row", "description": "create row", "is_active": true}}, {"model": "gp.action", "pk": 12, "fields": {"connector": 7, "action_type": "source", "name": "get row", "description": "get row", "is_active": true}}, {"model": "gp.action", "pk": 13, "fields": {"connector": 7, "action_type": "target", "name": "create row", "description": "create row", "is_active": true}}, {"model": "gp.action", "pk": 14, "fields": {"connector": 8, "action_type": "source", "name": "new message posted to a chanel", "description": "new message posted to a chanel", "is_active": true}}, {"model": "gp.action", "pk": 15, "fields": {"connector": 8, "action_type": "target", "name": "post message to a channel", "description": "post message to a channel", "is_active": true}}, {"model": "gp.action", "pk": 16, "fields": {"connector": 8, "action_type": "target", "name": "post message to a user private chat", "description": "post message to a user private chat", "is_active": true}}, {"model": "gp.action", "pk": 17, "fields": {"connector": 9, "action_type": "target", "name": "create issue", "description": "create issue", "is_active": true}}, {"model": "gp.action", "pk": 18, "fields": {"connector": 10, "action_type": "target", "name": "create issue", "description": "create issue", "is_active": true}}, {"model": "gp.action", "pk": 19, "fields": {"connector": 10, "action_type": "source", "name": "new issue created", "description": "new issue created", "is_active": true}}, {"model": "gp.action", "pk": 20, "fields": {"connector": 9, "action_type": "source", "name": "new issue", "description": "new issue", "is_active": true}}, {"model": "gp.action", "pk": 21, "fields": {"connector": 11, "action_type": "source", "name": "get answer", "description": "get answer", "is_active": true}}, {"model": "gp.action", "pk": 22, "fields": {"connector": 13, "action_type": "target", "name": "subscribe", "description": "subscribe", "is_active": true}}, {"model": "gp.action", "pk": 23, "fields": {"connector": 13, "action_type": "target", "name": "Unsubscribe", "description": "Unsubscribe", "is_active": true}}, {"model": "gp.action", "pk": 24, "fields": {"connector": 15, "action_type": "source", "name": "read a survey", "description": "read a survey on surveymonkey", "is_active": true}}, {"model": "gp.action", "pk": 25, "fields": {"connector": 24, "action_type": "source", "name": "push notification", "description": "push notification", "is_active": true}}, {"model": "gp.action", "pk": 26, "fields": {"connector": 24, "action_type": "target", "name": "upload video", "description": "upload video", "is_active": true}}, {"model": "gp.action", "pk": 27, "fields": {"connector": 16, "action_type": "source", "name": "new event", "description": "new event", "is_active": true}}, {"model": "gp.action", "pk": 28, "fields": {"connector": 16, "action_type": "target", "name": "create event", "description": "create event", "is_active": true}}, {"model": "gp.action", "pk": 29, "fields": {"connector": 26, "action_type": "source", "name": "new feed", "description": "reads a new fead", "is_active": true}}, {"model": "gp.action", "pk": 30, "fields": {"connector": 26, "action_type": "target", "name": "create feed", "description": "creates a new feed", "is_active": true}}, {"model": "gp.action", "pk": 31, "fields": {"connector": 27, "action_type": "source", "name": "new task", "description": "new task", "is_active": true}}, {"model": "gp.action", "pk": 32, "fields": {"connector": 27, "action_type": "target", "name": "create task", "description": "create task", "is_active": false}}, {"model": "gp.action", "pk": 34, "fields": {"connector": 27, "action_type": "source", "name": "completed task", "description": "completed task", "is_active": true}}, {"model": "gp.action", "pk": 35, "fields": {"connector": 23, "action_type": "source", "name": "new media", "description": "new media", "is_active": true}}, {"model": "gp.action", "pk": 36, "fields": {"connector": 30, "action_type": "source", "name": "new note created", "description": "new note created", "is_active": true}}, {"model": "gp.action", "pk": 37, "fields": {"connector": 30, "action_type": "target", "name": "create a note", "description": "create a note", "is_active": true}}, {"model": "gp.action", "pk": 38, "fields": {"connector": 34, "action_type": "source", "name": "new module item", "description": "new module item created", "is_active": true}}, {"model": "gp.action", "pk": 39, "fields": {"connector": 34, "action_type": "target", "name": "create module item", "description": "create module item", "is_active": true}}, {"model": "gp.action", "pk": 40, "fields": {"connector": 43, "action_type": "source", "name": "new task created", "description": "new task created", "is_active": true}}, {"model": "gp.action", "pk": 41, "fields": {"connector": 43, "action_type": "target", "name": "create new task", "description": "create new task", "is_active": true}}, {"model": "gp.action", "pk": 42, "fields": {"connector": 44, "action_type": "target", "name": "send mail", "description": "send mail", "is_active": true}}, {"model": "gp.action", "pk": 43, "fields": {"connector": 31, "action_type": "target", "name": "create lead", "description": "create lead", "is_active": true}}, {"model": "gp.action", "pk": 44, "fields": {"connector": 31, "action_type": "target", "name": "create contact", "description": "create contact", "is_active": true}}, {"model": "gp.action", "pk": 45, "fields": {"connector": 17, "action_type": "target", "name": "list product", "description": "list a product", "is_active": true}}, {"model": "gp.action", "pk": 47, "fields": {"connector": 12, "action_type": "target", "name": "post new tweet", "description": "post a new tweet", "is_active": true}}, {"model": "gp.action", "pk": 48, "fields": {"connector": 17, "action_type": "source", "name": "orders", "description": "orders", "is_active": true}}, {"model": "gp.action", "pk": 49, "fields": {"connector": 17, "action_type": "source", "name": "created_orders", "description": "created_orders", "is_active": true}}, {"model": "gp.actionspecification", "pk": 1, "fields": {"action": 2, "name": "order by"}}, {"model": "gp.actionspecification", "pk": 2, "fields": {"action": 4, "name": "module"}}, {"model": "gp.actionspecification", "pk": 3, "fields": {"action": 5, "name": "module"}}, {"model": "gp.actionspecification", "pk": 4, "fields": {"action": 6, "name": "list"}}, {"model": "gp.actionspecification", "pk": 5, "fields": {"action": 7, "name": "list"}}, {"model": "gp.actionspecification", "pk": 6, "fields": {"action": 8, "name": "spreadsheet"}}, {"model": "gp.actionspecification", "pk": 7, "fields": {"action": 9, "name": "spreadsheet"}}, {"model": "gp.actionspecification", "pk": 8, "fields": {"action": 8, "name": "worksheet"}}, {"model": "gp.actionspecification", "pk": 9, "fields": {"action": 9, "name": "worksheet"}}, {"model": "gp.actionspecification", "pk": 10, "fields": {"action": 10, "name": "order by"}}, {"model": "gp.actionspecification", "pk": 11, "fields": {"action": 12, "name": "order by"}}, {"model": "gp.actionspecification", "pk": 12, "fields": {"action": 1, "name": "page"}}, {"model": "gp.actionspecification", "pk": 13, "fields": {"action": 1, "name": "form"}}, {"model": "gp.actionspecification", "pk": 14, "fields": {"action": 14, "name": "channel"}}, {"model": "gp.actionspecification", "pk": 15, "fields": {"action": 15, "name": "channel"}}, {"model": "gp.actionspecification", "pk": 16, "fields": {"action": 16, "name": "channel"}}, {"model": "gp.actionspecification", "pk": 17, "fields": {"action": 17, "name": "project_id"}}, {"model": "gp.actionspecification", "pk": 18, "fields": {"action": 18, "name": "repository_id"}}, {"model": "gp.actionspecification", "pk": 19, "fields": {"action": 19, "name": "repository_name"}}, {"model": "gp.actionspecification", "pk": 20, "fields": {"action": 19, "name": "repository_id"}}, {"model": "gp.actionspecification", "pk": 21, "fields": {"action": 18, "name": "repository_name"}}, {"model": "gp.actionspecification", "pk": 22, "fields": {"action": 20, "name": "project_id"}}, {"model": "gp.actionspecification", "pk": 23, "fields": {"action": 21, "name": "form"}}, {"model": "gp.actionspecification", "pk": 24, "fields": {"action": 22, "name": "campaign"}}, {"model": "gp.actionspecification", "pk": 25, "fields": {"action": 23, "name": "campaign"}}, {"model": "gp.actionspecification", "pk": 26, "fields": {"action": 27, "name": "calendar"}}, {"model": "gp.actionspecification", "pk": 27, "fields": {"action": 28, "name": "calendar"}}, {"model": "gp.actionspecification", "pk": 28, "fields": {"action": 24, "name": "survey"}}, {"model": "gp.actionspecification", "pk": 29, "fields": {"action": 25, "name": "channel"}}, {"model": "gp.actionspecification", "pk": 30, "fields": {"action": 26, "name": "channel"}}, {"model": "gp.actionspecification", "pk": 31, "fields": {"action": 35, "name": "account"}}, {"model": "gp.actionspecification", "pk": 32, "fields": {"action": 29, "name": "feed"}}, {"model": "gp.actionspecification", "pk": 33, "fields": {"action": 30, "name": "feed"}}, {"model": "gp.actionspecification", "pk": 34, "fields": {"action": 38, "name": "module"}}, {"model": "gp.actionspecification", "pk": 35, "fields": {"action": 39, "name": "module"}}, {"model": "gp.actionspecification", "pk": 36, "fields": {"action": 40, "name": "project"}}, {"model": "gp.actionspecification", "pk": 37, "fields": {"action": 41, "name": "workspace"}}, {"model": "gp.actionspecification", "pk": 38, "fields": {"action": 41, "name": "project"}}, {"model": "gp.actionspecification", "pk": 39, "fields": {"action": 31, "name": "list"}}, {"model": "gp.actionspecification", "pk": 40, "fields": {"action": 32, "name": "list"}}, {"model": "gp.actionspecification", "pk": 41, "fields": {"action": 34, "name": "list"}}, {"model": "gp.actionspecification", "pk": 42, "fields": {"action": 2, "name": "unique"}}]
