[{"model": "gp.action", "pk": 1, "fields": {"connector": 1, "action_type": "source", "name": "get leads", "description": "gets facebook leads", "is_active": true}}, {"model": "gp.action", "pk": 2, "fields": {"connector": 2, "action_type": "source", "name": "get row", "description": "get row", "is_active": true}}, {"model": "gp.action", "pk": 3, "fields": {"connector": 2, "action_type": "target", "name": "create row", "description": "create row", "is_active": true}}, {"model": "gp.action", "pk": 4, "fields": {"connector": 3, "action_type": "source", "name": "get module data", "description": "get data", "is_active": true}}, {"model": "gp.action", "pk": 5, "fields": {"connector": 3, "action_type": "target", "name": "set module data", "description": "set data", "is_active": true}}, {"model": "gp.action", "pk": 6, "fields": {"connector": 4, "action_type": "target", "name": "subscribe", "description": "subscribe", "is_active": true}}, {"model": "gp.action", "pk": 7, "fields": {"connector": 4, "action_type": "target", "name": "unsubscribe", "description": "unsubscribe", "is_active": true}}, {"model": "gp.action", "pk": 8, "fields": {"connector": 5, "action_type": "source", "name": "get row", "description": "get row", "is_active": true}}, {"model": "gp.action", "pk": 9, "fields": {"connector": 5, "action_type": "target", "name": "set row", "description": "set row", "is_active": true}}, {"model": "gp.action", "pk": 10, "fields": {"connector": 6, "action_type": "source", "name": "get row", "description": "get row", "is_active": true}}, {"model": "gp.action", "pk": 11, "fields": {"connector": 6, "action_type": "target", "name": "create row", "description": "create row", "is_active": true}}, {"model": "gp.action", "pk": 12, "fields": {"connector": 7, "action_type": "source", "name": "get row", "description": "get row", "is_active": true}}, {"model": "gp.action", "pk": 13, "fields": {"connector": 7, "action_type": "target", "name": "create row", "description": "create row", "is_active": true}}, {"model": "gp.action", "pk": 14, "fields": {"connector": 8, "action_type": "source", "name": "new message posted to a chanel", "description": "new message posted to a chanel", "is_active": true}}, {"model": "gp.action", "pk": 15, "fields": {"connector": 8, "action_type": "target", "name": "post message to a channel", "description": "post message to a channel", "is_active": true}}, {"model": "gp.action", "pk": 16, "fields": {"connector": 8, "action_type": "target", "name": "post message to a user private chat", "description": "post message to a user private chat", "is_active": true}}, {"model": "gp.action", "pk": 17, "fields": {"connector": 9, "action_type": "target", "name": "create issue", "description": "create issue", "is_active": true}}, {"model": "gp.action", "pk": 18, "fields": {"connector": 10, "action_type": "target", "name": "create issue", "description": "create issue", "is_active": true}}, {"model": "gp.action", "pk": 19, "fields": {"connector": 10, "action_type": "source", "name": "new issue created", "description": "new issue created", "is_active": true}}, {"model": "gp.actionspecification", "pk": 1, "fields": {"action": 2, "name": "order by"}}, {"model": "gp.actionspecification", "pk": 2, "fields": {"action": 4, "name": "module"}}, {"model": "gp.actionspecification", "pk": 3, "fields": {"action": 5, "name": "module"}}, {"model": "gp.actionspecification", "pk": 4, "fields": {"action": 6, "name": "list"}}, {"model": "gp.actionspecification", "pk": 5, "fields": {"action": 7, "name": "list"}}, {"model": "gp.actionspecification", "pk": 6, "fields": {"action": 8, "name": "spreadsheet"}}, {"model": "gp.actionspecification", "pk": 7, "fields": {"action": 9, "name": "spreadsheet"}}, {"model": "gp.actionspecification", "pk": 8, "fields": {"action": 8, "name": "worksheet"}}, {"model": "gp.actionspecification", "pk": 9, "fields": {"action": 9, "name": "worksheet"}}, {"model": "gp.actionspecification", "pk": 19, "fields": {"action": 10, "name": "order by"}}, {"model": "gp.actionspecification", "pk": 20, "fields": {"action": 12, "name": "order by"}}, {"model": "gp.actionspecification", "pk": 21, "fields": {"action": 1, "name": "page"}}, {"model": "gp.actionspecification", "pk": 22, "fields": {"action": 1, "name": "form"}}, {"model": "gp.actionspecification", "pk": 23, "fields": {"action": 14, "name": "channel"}}, {"model": "gp.actionspecification", "pk": 24, "fields": {"action": 15, "name": "channel"}}, {"model": "gp.actionspecification", "pk": 25, "fields": {"action": 16, "name": "channel"}}, {"model": "gp.actionspecification", "pk": 27, "fields": {"action": 17, "name": "project"}}, {"model": "gp.actionspecification", "pk": 28, "fields": {"action": 18, "name": "repository_id"}}, {"model": "gp.actionspecification", "pk": 29, "fields": {"action": 19, "name": "repository_name"}}, {"model": "gp.actionspecification", "pk": 30, "fields": {"action": 19, "name": "repository_id"}}, {"model": "gp.actionspecification", "pk": 31, "fields": {"action": 18, "name": "repository_name"}}, {"model": "gp.connector", "pk": 1, "fields": {"name": "Facebook", "is_active": true, "css_class": "gr_facebook", "is_source": true, "is_target": false, "icon": "connector/icon/facebook.png"}}, {"model": "gp.connector", "pk": 2, "fields": {"name": "MySQL", "is_active": true, "css_class": "gr_mysql", "is_source": true, "is_target": true, "icon": "connector/icon/mysql.png"}}, {"model": "gp.connector", "pk": 3, "fields": {"name": "SugarCRM", "is_active": true, "css_class": "gr_sugarcrm", "is_source": true, "is_target": true, "icon": "connector/icon/sugarcrm.png"}}, {"model": "gp.connector", "pk": 4, "fields": {"name": "MailChimp", "is_active": true, "css_class": "gr_mailchimp", "is_source": false, "is_target": true, "icon": "connector/icon/mailchimp.png"}}, {"model": "gp.connector", "pk": 5, "fields": {"name": "GoogleSpreadSheet", "is_active": true, "css_class": "gr_google_sheets", "is_source": true, "is_target": true, "icon": "connector/icon/googlesheets.png"}}, {"model": "gp.connector", "pk": 6, "fields": {"name": "PostgreSQL", "is_active": true, "css_class": "gr_postgresql", "is_source": true, "is_target": true, "icon": "connector/icon/postgresql.png"}}, {"model": "gp.connector", "pk": 7, "fields": {"name": "MSSQLServer", "is_active": true, "css_class": "gr_mssql", "is_source": true, "is_target": true, "icon": "connector/icon/sql-server.png"}}, {"model": "gp.connector", "pk": 8, "fields": {"name": "Slack", "is_active": true, "css_class": "slack_css", "is_source": true, "is_target": true, "icon": "connector/icon/slack.png"}}, {"model": "gp.connector", "pk": 9, "fields": {"name": "JIRA", "is_active": true, "css_class": "", "is_source": false, "is_target": true, "icon": "connector/icon/p7KWyLwu.png"}}, {"model": "gp.connector", "pk": 10, "fields": {"name": "Bitbucket", "is_active": true, "css_class": "", "is_source": true, "is_target": true, "icon": "connector/icon/service_512.png"}}]