[{"model": "gp.connector", "pk": 1, "fields": {"name": "FacebookLeads", "short_description": "", "description": "", "is_active": true, "is_source": true, "is_target": false, "icon15": "connector/icon/facebookleads15.png", "icon73": "connector/icon/facebookleads73.png", "icon110": "", "connection_help_text": ""}}, {"model": "gp.connector", "pk": 2, "fields": {"name": "MySQL", "short_description": "", "description": "", "is_active": true, "is_source": true, "is_target": true, "icon15": "connector/icon/mysql15.png", "icon73": "connector/icon/mysql73.png", "icon110": "", "connection_help_text": ""}}, {"model": "gp.connector", "pk": 3, "fields": {"name": "SugarCRM", "short_description": "", "description": "", "is_active": true, "is_source": true, "is_target": true, "icon15": "connector/icon/sugarcrm15.png", "icon73": "connector/icon/sugarcrm73.png", "icon110": "", "connection_help_text": ""}}, {"model": "gp.connector", "pk": 4, "fields": {"name": "MailChimp", "short_description": "", "description": "", "is_active": true, "is_source": false, "is_target": true, "icon15": "connector/icon/mailchimp15.png", "icon73": "connector/icon/mailchimp73.png", "icon110": "", "connection_help_text": ""}}, {"model": "gp.connector", "pk": 5, "fields": {"name": "GoogleSpreadSheet", "short_description": "", "description": "", "is_active": true, "is_source": true, "is_target": true, "icon15": "connector/icon/googlespreadsheets15.png", "icon73": "connector/icon/googlespreadsheets73.png", "icon110": "", "connection_help_text": ""}}, {"model": "gp.connector", "pk": 6, "fields": {"name": "PostgreSQL", "short_description": "", "description": "", "is_active": true, "is_source": true, "is_target": true, "icon15": "connector/icon/postgresql15.png", "icon73": "connector/icon/postgresql73.png", "icon110": "", "connection_help_text": ""}}, {"model": "gp.connector", "pk": 7, "fields": {"name": "MSSQLServer", "short_description": "", "description": "", "is_active": true, "is_source": true, "is_target": true, "icon15": "connector/icon/mssql15.png", "icon73": "connector/icon/mssql73.png", "icon110": "", "connection_help_text": ""}}, {"model": "gp.connector", "pk": 8, "fields": {"name": "Slack", "short_description": "", "description": "", "is_active": true, "is_source": true, "is_target": true, "icon15": "connector/icon/slack15.png", "icon73": "connector/icon/slack73.png", "icon110": "", "connection_help_text": ""}}, {"model": "gp.connector", "pk": 9, "fields": {"name": "JIRA", "short_description": "", "description": "", "is_active": true, "is_source": true, "is_target": true, "icon15": "connector/icon/jira15.png", "icon73": "connector/icon/jira73.png", "icon110": "", "connection_help_text": ""}}, {"model": "gp.connector", "pk": 10, "fields": {"name": "Bitbucket", "short_description": "", "description": "", "is_active": true, "is_source": true, "is_target": true, "icon15": "connector/icon/bitbucket15.png", "icon73": "connector/icon/bitbucket73.png", "icon110": "", "connection_help_text": ""}}, {"model": "gp.connector", "pk": 11, "fields": {"name": "GoogleForms", "short_description": "", "description": "", "is_active": true, "is_source": true, "is_target": false, "icon15": "connector/icon/googleforms15.png", "icon73": "connector/icon/googleforms73.png", "icon110": "", "connection_help_text": ""}}, {"model": "gp.connector", "pk": 12, "fields": {"name": "Twitter", "short_description": "", "description": "", "is_active": true, "is_source": false, "is_target": true, "icon15": "connector/icon/twitter15.png", "icon73": "connector/icon/twitter73.png", "icon110": "", "connection_help_text": ""}}, {"model": "gp.connector", "pk": 13, "fields": {"name": "GetResponse", "short_description": "", "description": "", "is_active": true, "is_source": false, "is_target": true, "icon15": "", "icon73": "", "icon110": "", "connection_help_text": ""}}, {"model": "gp.connector", "pk": 14, "fields": {"name": "GoogleContacts", "short_description": "", "description": "", "is_active": false, "is_source": true, "is_target": true, "icon15": "", "icon73": "", "icon110": "", "connection_help_text": ""}}, {"model": "gp.connector", "pk": 15, "fields": {"name": "SurveyMonkey", "short_description": "", "description": "", "is_active": true, "is_source": true, "is_target": false, "icon15": "", "icon73": "", "icon110": "", "connection_help_text": ""}}, {"model": "gp.connector", "pk": 16, "fields": {"name": "GoogleCalendar", "short_description": "", "description": "", "is_active": true, "is_source": true, "is_target": true, "icon15": "", "icon73": "", "icon110": "", "connection_help_text": ""}}, {"model": "gp.connector", "pk": 17, "fields": {"name": "MercadoLibre", "short_description": "", "description": "", "is_active": true, "is_source": true, "is_target": true, "icon15": "connector/icon/mercadolibre15.png", "icon73": "connector/icon/mercadolibre73.png", "icon110": "", "connection_help_text": ""}}, {"model": "gp.connector", "pk": 18, "fields": {"name": "AmazonSellerCentral", "short_description": "", "description": "", "is_active": false, "is_source": false, "is_target": false, "icon15": "connector/icon/amazonsellercentral15.png", "icon73": "connector/icon/amazonsellercentral73.png", "icon110": "", "connection_help_text": ""}}, {"model": "gp.connector", "pk": 19, "fields": {"name": "PayU", "short_description": "", "description": "", "is_active": false, "is_source": false, "is_target": false, "icon15": "connector/icon/payu15.png", "icon73": "connector/icon/payu73.png", "icon110": "", "connection_help_text": ""}}, {"model": "gp.connector", "pk": 20, "fields": {"name": "Gmail", "short_description": "", "description": "", "is_active": true, "is_source": true, "is_target": true, "icon15": "connector/icon/gmail15.png", "icon73": "connector/icon/gmail73.png", "icon110": "", "connection_help_text": ""}}, {"model": "gp.connector", "pk": 21, "fields": {"name": "Ebay", "short_description": "", "description": "", "is_active": false, "is_source": false, "is_target": false, "icon15": "", "icon73": "", "icon110": "", "connection_help_text": ""}}, {"model": "gp.connector", "pk": 22, "fields": {"name": "WooComerce", "short_description": "", "description": "", "is_active": false, "is_source": false, "is_target": false, "icon15": "connector/icon/woocomerce15.png", "icon73": "connector/icon/woocomerce73.png", "icon110": "", "connection_help_text": ""}}, {"model": "gp.connector", "pk": 23, "fields": {"name": "Instagram", "short_description": "", "description": "", "is_active": true, "is_source": true, "is_target": false, "icon15": "connector/icon/instagram15.png", "icon73": "connector/icon/instagram73.png", "icon110": "", "connection_help_text": ""}}, {"model": "gp.connector", "pk": 24, "fields": {"name": "Youtube", "short_description": "", "description": "", "is_active": false, "is_source": false, "is_target": false, "icon15": "connector/icon/youtube15.png", "icon73": "connector/icon/youtube73.png", "icon110": "", "connection_help_text": ""}}, {"model": "gp.connector", "pk": 25, "fields": {"name": "Vimeo", "short_description": "", "description": "", "is_active": false, "is_source": false, "is_target": false, "icon15": "connector/icon/vimeo15.png", "icon73": "connector/icon/vimeo73.png", "icon110": "", "connection_help_text": ""}}, {"model": "gp.connector", "pk": 26, "fields": {"name": "ZohoCRM", "short_description": "", "description": "", "is_active": true, "is_source": true, "is_target": true, "icon15": "connector/icon/zohocrm15.png", "icon73": "connector/icon/zohocrm73.png", "icon110": "", "connection_help_text": ""}}, {"model": "gp.connector", "pk": 27, "fields": {"name": "WunderList", "short_description": "", "description": "", "is_active": true, "is_source": true, "is_target": true, "icon15": "connector/icon/wunderlist15.png", "icon73": "connector/icon/wunderlist73.png", "icon110": "", "connection_help_text": ""}}, {"model": "gp.connector", "pk": 28, "fields": {"name": "SMS", "short_description": "", "description": "", "is_active": true, "is_source": false, "is_target": true, "icon15": "", "icon73": "", "icon110": "", "connection_help_text": ""}}, {"model": "gp.connector", "pk": 29, "fields": {"name": "SMTP", "short_description": "", "description": "", "is_active": true, "is_source": false, "is_target": true, "icon15": "connector/icon/smtp15.png", "icon73": "connector/icon/smtp73.png", "icon110": "", "connection_help_text": ""}}, {"model": "gp.connector", "pk": 30, "fields": {"name": "Evernote", "short_description": "", "description": "", "is_active": true, "is_source": true, "is_target": true, "icon15": "connector/icon/evernote15.png", "icon73": "connector/icon/evernote73.png", "icon110": "", "connection_help_text": ""}}, {"model": "gp.connector", "pk": 31, "fields": {"name": "Salesforece", "short_description": "", "description": "", "is_active": true, "is_source": true, "is_target": true, "icon15": "connector/icon/salesforce15.png", "icon73": "connector/icon/salesforce73.png", "icon110": "", "connection_help_text": ""}}, {"model": "gp.connector", "pk": 32, "fields": {"name": "Vtiger", "short_description": "", "description": "", "is_active": true, "is_source": true, "is_target": true, "icon15": "connector/icon/vtiger15.png", "icon73": "connector/icon/vtiger73.png", "icon110": "", "connection_help_text": ""}}, {"model": "gp.connector", "pk": 33, "fields": {"name": "ProsperWorks", "short_description": "", "description": "", "is_active": false, "is_source": false, "is_target": false, "icon15": "connector/icon/prosperworks.png", "icon73": "connector/icon/prosperworks73.png", "icon110": "", "connection_help_text": ""}}, {"model": "gp.connector", "pk": 34, "fields": {"name": "HubSpot", "short_description": "", "description": "", "is_active": true, "is_source": true, "is_target": true, "icon15": "connector/icon/hubspot15.png", "icon73": "connector/icon/hubspot73.png", "icon110": "", "connection_help_text": ""}}, {"model": "gp.connector", "pk": 35, "fields": {"name": "PipeDrive", "short_description": "", "description": "", "is_active": false, "is_source": false, "is_target": false, "icon15": "connector/icon/pipedrive15.png", "icon73": "connector/icon/pipedrive73.png", "icon110": "", "connection_help_text": ""}}, {"model": "gp.connector", "pk": 36, "fields": {"name": "DynamicCRM", "short_description": "", "description": "", "is_active": false, "is_source": false, "is_target": false, "icon15": "connector/icon/dynamiccrm15.png", "icon73": "connector/icon/dynamiccrm73.png", "icon110": "", "connection_help_text": ""}}, {"model": "gp.connector", "pk": 37, "fields": {"name": "FreshDesk", "short_description": "", "description": "", "is_active": false, "is_source": false, "is_target": false, "icon15": "connector/icon/freshdesk15.png", "icon73": "connector/icon/freshdesk73.png", "icon110": "", "connection_help_text": ""}}, {"model": "gp.connector", "pk": 38, "fields": {"name": "AgileCRM", "short_description": "", "description": "", "is_active": false, "is_source": false, "is_target": false, "icon15": "connector/icon/agilecrm15.png", "icon73": "connector/icon/agilecrm73.png", "icon110": "", "connection_help_text": ""}}, {"model": "gp.connector", "pk": 39, "fields": {"name": "GitLab", "short_description": "", "description": "", "is_active": true, "is_source": true, "is_target": true, "icon15": "connector/icon/gitlab15.png", "icon73": "connector/icon/gitlab73.png", "icon110": "", "connection_help_text": ""}}, {"model": "gp.connector", "pk": 40, "fields": {"name": "Shopify", "short_description": "", "description": "", "is_active": true, "is_source": true, "is_target": true, "icon15": "connector/icon/shopify15.png", "icon73": "connector/icon/shopify73.png", "icon110": "", "connection_help_text": ""}}, {"model": "gp.connector", "pk": 41, "fields": {"name": "Dropbox", "short_description": "", "description": "", "is_active": false, "is_source": false, "is_target": false, "icon15": "connector/icon/dropbox15.png", "icon73": "connector/icon/dropbox73.png", "icon110": "", "connection_help_text": ""}}, {"model": "gp.connector", "pk": 42, "fields": {"name": "Magento", "short_description": "", "description": "", "is_active": true, "is_source": true, "is_target": true, "icon15": "connector/icon/magento15.png", "icon73": "connector/icon/magento73.png", "icon110": "", "connection_help_text": ""}}, {"model": "gp.connector", "pk": 43, "fields": {"name": "Asana", "short_description": "", "description": "", "is_active": true, "is_source": true, "is_target": true, "icon15": "connector/icon/asana15.png", "icon73": "connector/icon/asana73.png", "icon110": "", "connection_help_text": ""}}, {"model": "gp.connector", "pk": 44, "fields": {"name": "Mandrill", "short_description": "", "description": "", "is_active": true, "is_source": false, "is_target": true, "icon15": "connector/icon/mandrill15.png", "icon73": "connector/icon/mandrill73.png", "icon110": "", "connection_help_text": ""}}, {"model": "gp.connector", "pk": 45, "fields": {"name": "ActiveCampaign", "short_description": "", "description": "", "is_active": true, "is_source": true, "is_target": true, "icon15": "connector/icon/activecampaign15.png", "icon73": "connector/icon/activecampaign73.png", "icon110": "", "connection_help_text": ""}}, {"model": "gp.connector", "pk": 46, "fields": {"name": "TypeForm", "short_description": "", "description": "", "is_active": true, "is_source": true, "is_target": false, "icon15": "connector/icon/typeform15.png", "icon73": "connector/icon/typeform73.png", "icon110": "", "connection_help_text": ""}}, {"model": "gp.connector", "pk": 47, "fields": {"name": "InfusionSoft", "short_description": "", "description": "", "is_active": true, "is_source": true, "is_target": true, "icon15": "", "icon73": "", "icon110": "", "connection_help_text": ""}}, {"model": "gp.connector", "pk": 48, "fields": {"name": "OdooCRM", "short_description": "", "description": "", "is_active": true, "is_source": true, "is_target": true, "icon15": "", "icon73": "", "icon110": "", "connection_help_text": ""}}, {"model": "gp.connector", "pk": 49, "fields": {"name": "Batchbook", "short_description": "CRM for small business", "description": "CRM for small business", "is_active": true, "is_source": true, "is_target": true, "icon15": "", "icon73": "", "icon110": "", "connection_help_text": ""}}, {"model": "gp.connector", "pk": 50, "fields": {"name": "ActEssentials", "short_description": "", "description": "", "is_active": true, "is_source": true, "is_target": true, "icon15": "", "icon73": "", "icon110": "", "connection_help_text": ""}}, {"model": "gp.connector", "pk": 51, "fields": {"name": "NimbleCRM", "short_description": "", "description": "", "is_active": true, "is_source": true, "is_target": true, "icon15": "", "icon73": "", "icon110": "", "connection_help_text": ""}}, {"model": "gp.connector", "pk": 52, "fields": {"name": "Webhook", "short_description": "", "description": "", "is_active": true, "is_source": true, "is_target": false, "icon15": "", "icon73": "", "icon110": "", "connection_help_text": ""}}, {"model": "gp.action", "pk": 1, "fields": {"connector": 1, "action_type": "source", "name": "get leads", "description": "gets facebook leads", "is_active": true}}, {"model": "gp.action", "pk": 2, "fields": {"connector": 2, "action_type": "source", "name": "get row", "description": "get row", "is_active": true}}, {"model": "gp.action", "pk": 3, "fields": {"connector": 2, "action_type": "target", "name": "create row", "description": "create row", "is_active": true}}, {"model": "gp.action", "pk": 4, "fields": {"connector": 3, "action_type": "source", "name": "get module data", "description": "get data", "is_active": true}}, {"model": "gp.action", "pk": 5, "fields": {"connector": 3, "action_type": "target", "name": "set module data", "description": "set data", "is_active": true}}, {"model": "gp.action", "pk": 6, "fields": {"connector": 4, "action_type": "target", "name": "subscribe", "description": "subscribe", "is_active": true}}, {"model": "gp.action", "pk": 7, "fields": {"connector": 4, "action_type": "target", "name": "unsubscribe", "description": "unsubscribe", "is_active": true}}, {"model": "gp.action", "pk": 8, "fields": {"connector": 5, "action_type": "source", "name": "get row", "description": "get row", "is_active": true}}, {"model": "gp.action", "pk": 9, "fields": {"connector": 5, "action_type": "target", "name": "set row", "description": "set row", "is_active": true}}, {"model": "gp.action", "pk": 10, "fields": {"connector": 6, "action_type": "source", "name": "get row", "description": "get row", "is_active": true}}, {"model": "gp.action", "pk": 11, "fields": {"connector": 6, "action_type": "target", "name": "create row", "description": "create row", "is_active": true}}, {"model": "gp.action", "pk": 12, "fields": {"connector": 7, "action_type": "source", "name": "get row", "description": "get row", "is_active": true}}, {"model": "gp.action", "pk": 13, "fields": {"connector": 7, "action_type": "target", "name": "create row", "description": "create row", "is_active": true}}, {"model": "gp.action", "pk": 14, "fields": {"connector": 8, "action_type": "source", "name": "new message posted to a chanel", "description": "new message posted to a chanel", "is_active": true}}, {"model": "gp.action", "pk": 15, "fields": {"connector": 8, "action_type": "target", "name": "post message to a channel", "description": "post message to a channel", "is_active": true}}, {"model": "gp.action", "pk": 16, "fields": {"connector": 8, "action_type": "target", "name": "post message to a user private chat", "description": "post message to a user private chat", "is_active": true}}, {"model": "gp.action", "pk": 17, "fields": {"connector": 9, "action_type": "target", "name": "create issue", "description": "create issue", "is_active": true}}, {"model": "gp.action", "pk": 18, "fields": {"connector": 10, "action_type": "target", "name": "create issue", "description": "create issue", "is_active": true}}, {"model": "gp.action", "pk": 19, "fields": {"connector": 10, "action_type": "source", "name": "new issue created", "description": "new issue created", "is_active": true}}, {"model": "gp.action", "pk": 20, "fields": {"connector": 9, "action_type": "source", "name": "new issue", "description": "new issue", "is_active": true}}, {"model": "gp.action", "pk": 21, "fields": {"connector": 11, "action_type": "source", "name": "get answer", "description": "get answer", "is_active": true}}, {"model": "gp.action", "pk": 22, "fields": {"connector": 13, "action_type": "target", "name": "subscribe", "description": "subscribe", "is_active": true}}, {"model": "gp.action", "pk": 23, "fields": {"connector": 13, "action_type": "target", "name": "Unsubscribe", "description": "Unsubscribe", "is_active": true}}, {"model": "gp.action", "pk": 24, "fields": {"connector": 15, "action_type": "source", "name": "read a survey", "description": "read a survey on surveymonkey", "is_active": true}}, {"model": "gp.action", "pk": 25, "fields": {"connector": 24, "action_type": "source", "name": "push notification", "description": "push notification", "is_active": true}}, {"model": "gp.action", "pk": 26, "fields": {"connector": 24, "action_type": "target", "name": "upload video", "description": "upload video", "is_active": true}}, {"model": "gp.action", "pk": 27, "fields": {"connector": 16, "action_type": "source", "name": "new event", "description": "new event", "is_active": true}}, {"model": "gp.action", "pk": 28, "fields": {"connector": 16, "action_type": "target", "name": "create event", "description": "create event", "is_active": true}}, {"model": "gp.action", "pk": 29, "fields": {"connector": 26, "action_type": "source", "name": "new feed", "description": "reads a new fead", "is_active": true}}, {"model": "gp.action", "pk": 30, "fields": {"connector": 26, "action_type": "target", "name": "create feed", "description": "creates a new feed", "is_active": true}}, {"model": "gp.action", "pk": 31, "fields": {"connector": 27, "action_type": "source", "name": "new task", "description": "new task", "is_active": true}}, {"model": "gp.action", "pk": 32, "fields": {"connector": 27, "action_type": "target", "name": "create task", "description": "create task", "is_active": false}}, {"model": "gp.action", "pk": 33, "fields": {"connector": 45, "action_type": "source", "name": "new task", "description": "new task created", "is_active": true}}, {"model": "gp.action", "pk": 34, "fields": {"connector": 27, "action_type": "source", "name": "completed task", "description": "completed task", "is_active": true}}, {"model": "gp.action", "pk": 35, "fields": {"connector": 23, "action_type": "source", "name": "new media", "description": "new media", "is_active": true}}, {"model": "gp.action", "pk": 36, "fields": {"connector": 30, "action_type": "source", "name": "new note created", "description": "new note created", "is_active": true}}, {"model": "gp.action", "pk": 37, "fields": {"connector": 30, "action_type": "target", "name": "create a note", "description": "create a note", "is_active": true}}, {"model": "gp.action", "pk": 38, "fields": {"connector": 34, "action_type": "source", "name": "new module item", "description": "new module item created", "is_active": true}}, {"model": "gp.action", "pk": 39, "fields": {"connector": 34, "action_type": "target", "name": "create module item", "description": "create module item", "is_active": true}}, {"model": "gp.action", "pk": 40, "fields": {"connector": 43, "action_type": "source", "name": "new task created", "description": "new task created", "is_active": true}}, {"model": "gp.action", "pk": 41, "fields": {"connector": 43, "action_type": "target", "name": "create new task", "description": "create new task", "is_active": true}}, {"model": "gp.action", "pk": 42, "fields": {"connector": 44, "action_type": "target", "name": "send mail", "description": "send mail", "is_active": true}}, {"model": "gp.action", "pk": 43, "fields": {"connector": 31, "action_type": "target", "name": "create lead", "description": "create lead", "is_active": true}}, {"model": "gp.action", "pk": 44, "fields": {"connector": 31, "action_type": "target", "name": "create contact", "description": "create contact", "is_active": true}}, {"model": "gp.action", "pk": 45, "fields": {"connector": 46, "action_type": "source", "name": "new answer", "description": "new answer", "is_active": true}}, {"model": "gp.action", "pk": 46, "fields": {"connector": 45, "action_type": "source", "name": "new deal", "description": "new deal created", "is_active": true}}, {"model": "gp.action", "pk": 47, "fields": {"connector": 12, "action_type": "target", "name": "post new tweet", "description": "post a new tweet", "is_active": true}}, {"model": "gp.action", "pk": 48, "fields": {"connector": 45, "action_type": "source", "name": "new contact", "description": "new contact", "is_active": true}}, {"model": "gp.action", "pk": 49, "fields": {"connector": 45, "action_type": "target", "name": "create contact", "description": "create contact", "is_active": true}}, {"model": "gp.action", "pk": 50, "fields": {"connector": 39, "action_type": "source", "name": "new issue", "description": "new issue created", "is_active": true}}, {"model": "gp.action", "pk": 51, "fields": {"connector": 39, "action_type": "target", "name": "create issue", "description": "create issue", "is_active": true}}, {"model": "gp.action", "pk": 52, "fields": {"connector": 17, "action_type": "target", "name": "list product", "description": "list products", "is_active": true}}, {"model": "gp.action", "pk": 53, "fields": {"connector": 17, "action_type": "source", "name": "orders", "description": "new order placed", "is_active": true}}, {"model": "gp.action", "pk": 54, "fields": {"connector": 17, "action_type": "source", "name": "created_orders", "description": "order paid", "is_active": true}}, {"model": "gp.action", "pk": 55, "fields": {"connector": 40, "action_type": "source", "name": "new customer", "description": "new customer", "is_active": true}}, {"model": "gp.action", "pk": 56, "fields": {"connector": 40, "action_type": "source", "name": "new product", "description": "new product", "is_active": true}}, {"model": "gp.action", "pk": 57, "fields": {"connector": 40, "action_type": "source", "name": "new order", "description": "new order", "is_active": true}}, {"model": "gp.action", "pk": 58, "fields": {"connector": 40, "action_type": "target", "name": "create customer", "description": "create customer", "is_active": true}}, {"model": "gp.action", "pk": 59, "fields": {"connector": 40, "action_type": "target", "name": "create product", "description": "create product", "is_active": true}}, {"model": "gp.action", "pk": 60, "fields": {"connector": 40, "action_type": "target", "name": "create order", "description": "create order", "is_active": true}}, {"model": "gp.action", "pk": 61, "fields": {"connector": 45, "action_type": "source", "name": "new subscriber", "description": "new subscriber (contact)", "is_active": true}}, {"model": "gp.action", "pk": 62, "fields": {"connector": 45, "action_type": "source", "name": "unsubscribed contact", "description": "unsubscribed contact", "is_active": true}}, {"model": "gp.action", "pk": 63, "fields": {"connector": 45, "action_type": "target", "name": "subscribe contact", "description": "subscribe contact", "is_active": true}}, {"model": "gp.action", "pk": 64, "fields": {"connector": 45, "action_type": "target", "name": "unsubscribe contact", "description": "unsubscribe contact", "is_active": true}}, {"model": "gp.action", "pk": 65, "fields": {"connector": 45, "action_type": "source", "name": "deal updated", "description": "a deal was updated", "is_active": true}}, {"model": "gp.action", "pk": 66, "fields": {"connector": 45, "action_type": "source", "name": "task completed", "description": "a task was completed", "is_active": true}}, {"model": "gp.action", "pk": 67, "fields": {"connector": 49, "action_type": "source", "name": "new contact", "description": "new contact", "is_active": true}}, {"model": "gp.action", "pk": 68, "fields": {"connector": 49, "action_type": "target", "name": "create contact", "description": "create contact", "is_active": true}}, {"model": "gp.action", "pk": 69, "fields": {"connector": 48, "action_type": "target", "name": "create_contact", "description": "", "is_active": false}}, {"model": "gp.action", "pk": 70, "fields": {"connector": 48, "action_type": "source", "name": "new_contact", "description": "", "is_active": false}}, {"model": "gp.action", "pk": 73, "fields": {"connector": 50, "action_type": "target", "name": "create opportunity", "description": "create opportunity", "is_active": true}}, {"model": "gp.action", "pk": 74, "fields": {"connector": 50, "action_type": "target", "name": "create contact", "description": "create contact", "is_active": true}}, {"model": "gp.action", "pk": 75, "fields": {"connector": 50, "action_type": "source", "name": "new opportunity", "description": "new opportunity", "is_active": true}}, {"model": "gp.action", "pk": 76, "fields": {"connector": 50, "action_type": "source", "name": "new contact", "description": "new contact", "is_active": true}}, {"model": "gp.action", "pk": 77, "fields": {"connector": 52, "action_type": "source", "name": "post received", "description": "post received", "is_active": true}}, {"model": "gp.actionspecification", "pk": 1, "fields": {"action": 2, "name": "order by"}}, {"model": "gp.actionspecification", "pk": 2, "fields": {"action": 4, "name": "module"}}, {"model": "gp.actionspecification", "pk": 3, "fields": {"action": 5, "name": "module"}}, {"model": "gp.actionspecification", "pk": 4, "fields": {"action": 6, "name": "list"}}, {"model": "gp.actionspecification", "pk": 5, "fields": {"action": 7, "name": "list"}}, {"model": "gp.actionspecification", "pk": 6, "fields": {"action": 8, "name": "spreadsheet"}}, {"model": "gp.actionspecification", "pk": 7, "fields": {"action": 9, "name": "spreadsheet"}}, {"model": "gp.actionspecification", "pk": 8, "fields": {"action": 8, "name": "worksheet"}}, {"model": "gp.actionspecification", "pk": 9, "fields": {"action": 9, "name": "worksheet"}}, {"model": "gp.actionspecification", "pk": 10, "fields": {"action": 10, "name": "order by"}}, {"model": "gp.actionspecification", "pk": 11, "fields": {"action": 12, "name": "order by"}}, {"model": "gp.actionspecification", "pk": 12, "fields": {"action": 1, "name": "page"}}, {"model": "gp.actionspecification", "pk": 13, "fields": {"action": 1, "name": "form"}}, {"model": "gp.actionspecification", "pk": 14, "fields": {"action": 14, "name": "channel"}}, {"model": "gp.actionspecification", "pk": 15, "fields": {"action": 15, "name": "channel"}}, {"model": "gp.actionspecification", "pk": 16, "fields": {"action": 16, "name": "channel"}}, {"model": "gp.actionspecification", "pk": 17, "fields": {"action": 17, "name": "project_id"}}, {"model": "gp.actionspecification", "pk": 18, "fields": {"action": 18, "name": "repository"}}, {"model": "gp.actionspecification", "pk": 19, "fields": {"action": 19, "name": "repository"}}, {"model": "gp.actionspecification", "pk": 22, "fields": {"action": 20, "name": "project_id"}}, {"model": "gp.actionspecification", "pk": 23, "fields": {"action": 21, "name": "form"}}, {"model": "gp.actionspecification", "pk": 24, "fields": {"action": 22, "name": "campaign"}}, {"model": "gp.actionspecification", "pk": 25, "fields": {"action": 23, "name": "campaign"}}, {"model": "gp.actionspecification", "pk": 26, "fields": {"action": 27, "name": "calendar"}}, {"model": "gp.actionspecification", "pk": 27, "fields": {"action": 28, "name": "calendar"}}, {"model": "gp.actionspecification", "pk": 28, "fields": {"action": 24, "name": "survey"}}, {"model": "gp.actionspecification", "pk": 29, "fields": {"action": 25, "name": "channel"}}, {"model": "gp.actionspecification", "pk": 30, "fields": {"action": 26, "name": "channel"}}, {"model": "gp.actionspecification", "pk": 31, "fields": {"action": 35, "name": "account"}}, {"model": "gp.actionspecification", "pk": 32, "fields": {"action": 29, "name": "feed"}}, {"model": "gp.actionspecification", "pk": 33, "fields": {"action": 30, "name": "feed"}}, {"model": "gp.actionspecification", "pk": 34, "fields": {"action": 38, "name": "module"}}, {"model": "gp.actionspecification", "pk": 35, "fields": {"action": 39, "name": "module"}}, {"model": "gp.actionspecification", "pk": 36, "fields": {"action": 40, "name": "project"}}, {"model": "gp.actionspecification", "pk": 37, "fields": {"action": 41, "name": "workspace"}}, {"model": "gp.actionspecification", "pk": 38, "fields": {"action": 41, "name": "project"}}, {"model": "gp.actionspecification", "pk": 39, "fields": {"action": 31, "name": "list"}}, {"model": "gp.actionspecification", "pk": 40, "fields": {"action": 32, "name": "list"}}, {"model": "gp.actionspecification", "pk": 41, "fields": {"action": 34, "name": "list"}}, {"model": "gp.actionspecification", "pk": 42, "fields": {"action": 2, "name": "unique"}}, {"model": "gp.actionspecification", "pk": 43, "fields": {"action": 10, "name": "unique"}}, {"model": "gp.actionspecification", "pk": 46, "fields": {"action": 50, "name": "project"}}, {"model": "gp.actionspecification", "pk": 47, "fields": {"action": 51, "name": "project"}}, {"model": "gp.actionspecification", "pk": 48, "fields": {"action": 45, "name": "form"}}, {"model": "gp.actionspecification", "pk": 49, "fields": {"action": 61, "name": "list"}}, {"model": "gp.actionspecification", "pk": 50, "fields": {"action": 62, "name": "list"}}, {"model": "gp.actionspecification", "pk": 51, "fields": {"action": 63, "name": "list"}}, {"model": "gp.actionspecification", "pk": 52, "fields": {"action": 64, "name": "list"}}]